DateTime,Season,Temperature_C,pH_measured,pH_modeled,pCO2_uatm,Ca_measured_mgL,Na_measured_mgL,Cl_measured_mgL,SI_Calcite,PAR_Wm2,GPP_observed_mgO2Lh,GPP_modeled_mgO2Lh,ER_observed_mgO2Lh,ER_modeled_mgO2Lh,NEP_mgO2Lh,KO2_m_d,k600_m_d,CO2flux_mmol_m2_d,CO2aq_mgL,HCO3_mgL,CO3_mgL,DIC_mgL,d13C_DIC_measured,d13C_DIC_modeled,d13C_residual,d13C_CO2aq_eq,d13C_HCO3_eq,Daylight_flag,SIc
10/18/2024 18:00,Fall,16.841,7.72,7.72,1367.725849,22.7,1.178,1.881,-0.500543,0.002516,0.534519,0.000364,-6.118821,-6.150545,-6.15018,0.7,0.700433,26.227144,2.591886,78.007513,0.181583,16.38,-7.17,-7.17,0,-16.555998,-6.743289,1,-0.515722105
10/18/2024 19:00,Fall,16.58225,7.69,7.69,1454.194118,22.75,1.1765,1.87275,-0.535122,0,0.40089,0,-5.95795,-5.988314,-5.988314,0.68125,0.686391,28.089378,2.77779,77.663157,0.167595,16.3575,-7.1875,-7.183905,-0.003595,-16.570593,-6.727856,0,
10/18/2024 20:00,Fall,16.3235,7.66,7.66,1545.740816,22.8,1.175,1.8645,-0.569828,0,0.26726,0,-5.797079,-5.830363,-5.830363,0.6625,0.672145,29.986253,2.976377,77.299649,0.154635,16.335,-7.205,-7.194528,-0.010472,-16.582878,-6.710036,0,
10/18/2024 21:00,Fall,16.06475,7.63,7.63,1642.612567,22.85,1.1735,1.85625,-0.604666,0,0.13363,0,-5.636207,-5.676578,-5.676578,0.64375,0.657693,31.913328,3.188415,76.916045,0.14263,16.3125,-7.2225,-7.20312,-0.01938,-16.592697,-6.689671,0,
10/18/2024 22:00,Fall,15.806,7.6,7.6,1745.060493,22.9,1.172,1.848,-0.639643,0,0,0,-5.475336,-5.52685,-5.52685,0.625,0.643031,33.865369,3.414702,76.51135,0.131511,16.29,-7.24,-7.210633,-0.029367,-16.599884,-6.666592,0,-0.65573069
10/18/2024 23:00,Fall,15.63325,7.5775,7.5775,1832.267244,22.925,1.1735,1.858,-0.664557,0,0,0,-5.362282,-5.429091,-5.429091,0.60725,0.627715,35.269229,3.604766,76.449909,0.124218,16.3275,-7.28,-7.288378,0.008378,-16.627987,-6.674695,0,
10/19/2024 0:00,Fall,15.4605,7.555,7.555,1923.486046,22.95,1.175,1.868,-0.689555,0,0,0,-5.249228,-5.333061,-5.333061,0.5895,0.61225,36.657954,3.804782,76.374123,0.117305,16.365,-7.32,-7.353184,0.033184,-16.654477,-6.681144,0,
10/19/2024 1:00,Fall,15.28775,7.5325,7.5325,2018.8665,22.975,1.1765,1.878,-0.714638,0,0,0,-5.136174,-5.23873,-5.23873,0.57175,0.596636,38.025904,4.0152,76.283401,0.110751,16.4025,-7.36,-7.408177,0.048177,-16.679279,-6.685864,0,
10/19/2024 2:00,Fall,15.115,7.51,7.51,2118.560052,23,1.178,1.888,-0.73981,0,0,0,-5.02312,-5.146068,-5.146068,0.554,0.580871,39.366911,4.236484,76.17713,0.10454,16.44,-7.4,-7.45577,0.05577,-16.702316,-6.688778,0,-0.756331196
10/19/2024 3:00,Fall,14.9935,7.52,7.52,2079.909174,23.05,1.174,1.8825,-0.72827,0,0,0,-4.869218,-5.081879,-5.081879,0.54125,0.569411,37.730896,4.175184,76.657318,0.107344,16.52,-7.4425,-7.547036,0.104536,-16.771226,-6.744059,0,
10/19/2024 4:00,Fall,14.872,7.53,7.53,2041.861613,23.1,1.17,1.877,-0.716757,0,0,0,-4.715316,-5.018491,-5.018491,0.5285,0.557872,36.136951,4.114595,77.136415,0.110217,16.6,-7.485,-7.618053,0.133053,-16.839934,-6.799124,0,
10/19/2024 5:00,Fall,14.7505,7.54,7.54,2004.411612,23.15,1.166,1.8715,-0.70527,0,0,0,-4.561413,-4.955894,-4.955894,0.51575,0.546254,34.584491,4.054717,77.61442,0.113159,16.68,-7.5275,-7.672924,0.145424,-16.908444,-6.853979,0,
10/19/2024 6:00,Fall,14.629,7.55,7.55,1967.553318,23.2,1.162,1.866,-0.693808,0,0,0,-4.407511,-4.894077,-4.894077,0.503,0.534556,33.072935,3.995546,78.091335,0.116173,16.76,-7.57,-7.714883,0.144883,-16.976757,-6.908626,0,-0.709944791
10/19/2024 7:00,Fall,14.793,7.555,7.555,1945.466615,23.125,1.1535,1.858,-0.68844,0,1.360659,0,-4.584093,-4.977701,-4.977701,0.4835,0.511492,31.169411,3.930168,77.941063,0.117779,16.7125,-7.525,-7.596419,0.071419,-16.923147,-6.873855,0,
10/19/2024 8:00,Fall,14.957,7.56,7.56,1923.595667,23.05,1.145,1.85,-0.683089,22.226213,2.721318,1.993339,-4.760676,-5.062753,-3.069414,0.464,0.488635,29.326248,3.865847,77.78932,0.119402,16.665,-7.48,-7.513487,0.033487,-16.869399,-6.838925,1,
10/19/2024 9:00,Fall,15.121,7.565,7.565,1901.939039,22.975,1.1365,1.842,-0.677755,95.052446,4.081978,4.430775,-4.937258,-5.149259,-0.718483,0.4445,0.465982,27.541991,3.802567,77.636131,0.121043,16.6175,-7.435,-7.458484,0.023484,-16.815515,-6.803838,1,
10/19/2024 10:00,Fall,15.285,7.57,7.57,1880.495286,22.9,1.128,1.834,-0.672438,170.250481,5.442637,5.346574,-5.11384,-5.237242,0.109332,0.425,0.443532,25.815216,3.740311,77.481517,0.122702,16.57,-7.39,-7.415182,0.025182,-16.7615,-6.768597,1,-0.688377845
10/19/2024 11:00,Fall,15.65725,7.5775,7.5775,1861.19484,22.825,1.132,1.837,-0.659855,227.687262,6.594011,5.853548,-5.46288,-5.442568,0.41098,0.4655,0.480873,27.570617,3.658914,77.648084,0.126318,16.5825,-7.3275,-7.29345,-0.03405,-16.67277,-6.72275,1,
10/19/2024 12:00,Fall,16.0295,7.585,7.585,1842.068761,22.75,1.136,1.84,-0.647312,258.896813,7.745384,6.159469,-5.811919,-5.655944,0.503524,0.506,0.517453,29.22354,3.579486,77.811811,0.130025,16.595,-7.265,-7.157904,-0.107096,-16.583679,-6.676432,1,
10/19/2024 13:00,Fall,16.40175,7.5925,7.5925,1823.117238,22.675,1.14,1.843,-0.634808,260.249515,8.896758,6.335877,-6.160959,-5.877685,0.458191,0.5465,0.553292,30.778186,3.501976,77.972764,0.133824,16.6075,-7.2025,-7.059082,-0.143418,-16.494241,-6.629657,1,
10/19/2024 14:00,Fall,16.774,7.6,7.6,1804.340345,22.6,1.144,1.846,-0.622342,231.595301,10.048132,6.374551,-6.509998,-6.10812,0.26643,0.587,0.588411,32.238586,3.426338,78.131009,0.137717,16.62,-7.14,-7.041953,-0.098047,-16.404468,-6.582438,1,-0.637614267
10/19/2024 15:00,Fall,16.74275,7.6625,7.6625,1574.24884,22.45,1.14175,1.8445,-0.560146,176.224183,8.307358,5.999994,-6.48358,-6.088433,-0.088439,0.575,0.576862,26.339955,2.992277,78.758257,0.160227,16.6325,-7.1125,-7.128206,0.015706,-16.451402,-6.626197,1,
10/19/2024 16:00,Fall,16.7115,7.725,7.725,1372.087673,22.3,1.1395,1.843,-0.498416,102.039871,6.566583,5.10729,-6.457161,-6.068809,-0.961519,0.563,0.565294,21.277047,2.610522,79.307885,0.186215,16.645,-7.085,-7.203419,0.118419,-16.489873,-6.661409,1,
10/19/2024 17:00,Fall,16.68025,7.7875,7.7875,1194.787436,22.15,1.13725,1.8415,-0.437114,27.478005,4.825809,2.61789,-6.430742,-6.049248,-3.431358,0.551,0.553707,16.94467,2.275378,79.786928,0.216209,16.6575,-7.0575,-7.257161,0.199661,-16.520818,-6.689018,1,
10/19/2024 18:00,Fall,16.649,7.85,7.85,1039.537444,22,1.135,1.84,-0.376207,0.001041,3.085035,0.000149,-6.404324,-6.029751,-6.029602,0.539,0.5421,13.248678,1.981622,80.20165,0.250816,16.67,-7.03,-7.277543,0.247543,-16.545097,-6.709894,1,-0.390472119
10/19/2024 19:00,Fall,16.457,7.7825,7.7825,1205.859973,22.25,1.13675,1.83775,-0.443265,0,2.313776,0,-6.225172,-5.91133,-5.91133,0.5675,0.573703,17.826673,2.312337,79.841732,0.212709,16.6775,-7.115,-7.277491,0.162491,-16.59704,-6.739943,0,
10/19/2024 20:00,Fall,16.265,7.715,7.715,1397.367514,22.5,1.1385,1.8355,-0.510848,0,1.542517,0,-6.04602,-5.795234,-5.795234,0.596,0.605629,23.450073,2.695544,79.40081,0.180193,16.685,-7.2,-7.284135,0.084135,-16.640389,-6.761283,0,
10/19/2024 21:00,Fall,16.073,7.6475,7.6475,1617.427958,22.75,1.14025,1.83325,-0.579,0,0.771259,0,-5.866868,-5.681418,-5.681418,0.6245,0.637884,30.310891,3.138703,78.869809,0.152458,16.6925,-7.285,-7.297571,0.012571,-16.673878,-6.772635,0,
10/19/2024 22:00,Fall,15.881,7.58,7.58,1869.706978,23,1.142,1.831,-0.647775,0,0,0,-5.687716,-5.569838,-5.569838,0.653,0.670472,38.629411,3.650028,78.238449,0.128812,16.7,-7.37,-7.318103,-0.051897,-16.696111,-6.77259,0,-0.663468226
10/19/2024 23:00,Fall,15.69675,7.5675,7.5675,1919.263826,23.025,1.13975,1.8355,-0.662656,0,0,0,-5.572779,-5.464823,-5.464823,0.61475,0.634368,37.834092,3.768398,78.221057,0.124543,16.7275,-7.41,-7.369072,-0.040928,-16.737552,-6.792827,0,
10/20/2024 0:00,Fall,15.5125,7.555,7.555,1970.016531,23.05,1.1375,1.84,-0.67757,0,0,0,-5.457842,-5.361787,-5.361787,0.5765,0.597897,36.900524,3.890439,78.198393,0.120404,16.755,-7.45,-7.41009,-0.03991,-16.778404,-6.812443,0,
10/20/2024 1:00,Fall,15.32825,7.5425,7.5425,2021.987107,23.075,1.13525,1.8445,-0.692518,0,0,0,-5.342906,-5.260695,-5.260695,0.53825,0.561053,35.821058,4.016253,78.170322,0.116392,16.7825,-7.49,-7.443427,-0.046573,-16.81865,-6.83142,0,
10/20/2024 2:00,Fall,15.144,7.53,7.53,2075.19754,23.1,1.133,1.849,-0.707499,0,0,0,-5.227969,-5.161508,-5.161508,0.5,0.523832,34.587734,4.145943,78.136708,0.112503,16.81,-7.53,-7.470834,-0.059166,-16.858272,-6.849741,0,-0.723458233
10/20/2024 3:00,Fall,15.0135,7.5275,7.5275,2089.577598,23.15,1.13575,1.84125,-0.709919,0,0,0,-5.096966,-5.09239,-5.09239,0.48025,0.504957,33.652038,4.191911,78.362315,0.111819,16.8675,-7.57,-7.527757,-0.042243,-16.906928,-6.883504,0,
10/20/2024 4:00,Fall,14.883,7.525,7.525,2104.029751,23.2,1.1385,1.8335,-0.71235,0,0,0,-4.965962,-5.024197,-5.024197,0.4605,0.485945,32.685631,4.238369,78.587253,0.111135,16.925,-7.61,-7.573666,-0.036334,-16.955537,-6.917206,0,
10/20/2024 5:00,Fall,14.7525,7.5225,7.5225,2118.554203,23.25,1.14125,1.82575,-0.714792,0,0,0,-4.834959,-4.956918,-4.956918,0.44075,0.466792,31.687962,4.285323,78.811516,0.110453,16.9825,-7.65,-7.610746,-0.039254,-17.004097,-6.950847,0,
10/20/2024 6:00,Fall,14.622,7.52,7.52,2133.151157,23.3,1.144,1.818,-0.717245,0,0,0,-4.703956,-4.890539,-4.890539,0.421,0.447499,30.65847,4.332777,79.035096,0.109772,17.04,-7.69,-7.640732,-0.049268,-17.052607,-6.984425,0,-0.733271893
10/20/2024 7:00,Fall,14.76525,7.5375,7.5375,2053.675656,23.275,1.13875,1.82625,-0.697864,0,1.347239,0,-4.838353,-4.963451,-4.963451,0.42225,0.447041,29.18328,4.152403,79.07463,0.114776,17,-7.66,-7.552942,-0.107058,-17.034859,-6.98343,0,
10/20/2024 8:00,Fall,14.9085,7.555,7.555,1976.92053,23.25,1.1335,1.8345,-0.678539,21.232054,2.694479,1.922268,-4.97275,-5.03745,-3.115182,0.4235,0.446584,27.761778,3.979095,79.104075,0.119989,16.96,-7.63,-7.488574,-0.141426,-17.016023,-6.981321,1,
10/20/2024 9:00,Fall,15.05175,7.5725,7.5725,1902.81025,23.225,1.12825,1.84275,-0.659268,93.314353,4.041718,4.378531,-5.107148,-5.112552,-0.734021,0.42475,0.44613,26.392332,3.812611,79.123752,0.125422,16.92,-7.6,-7.446145,-0.153855,-16.996138,-6.978135,1,
10/20/2024 10:00,Fall,15.195,7.59,7.59,1831.270013,23.2,1.123,1.851,-0.640049,168.157288,5.388957,5.295343,-5.241545,-5.188774,0.106569,0.426,0.445678,25.073337,3.652714,79.133971,0.131083,16.88,-7.57,-7.413792,-0.156208,-16.97524,-6.973909,1,-0.655745657
10/20/2024 11:00,Fall,15.89325,7.6175,7.6175,1736.468878,23.175,1.11975,1.83725,-0.602072,225.36625,6.536993,5.94401,-5.599461,-5.576891,0.367119,0.47675,0.489343,25.593186,3.388611,79.223248,0.142348,16.83,-7.475,-7.295907,-0.179093,-16.845636,-6.925061,1,
10/20/2024 12:00,Fall,16.5915,7.645,7.645,1646.16573,23.15,1.1165,1.8235,-0.564304,256.420823,7.685028,6.408159,-5.957377,-5.994039,0.414119,0.5275,0.531349,25.796301,3.14357,79.284815,0.154478,16.78,-7.38,-7.180699,-0.199301,-16.712923,-6.87269,1,
10/20/2024 13:00,Fall,17.28975,7.6725,7.6725,1560.202377,23.125,1.11325,1.80975,-0.526734,257.683771,8.833064,6.751065,-6.315294,-6.44239,0.308675,0.57825,0.571774,25.726043,2.916272,79.320406,0.167538,16.73,-7.285,-7.122013,-0.162987,-16.577355,-6.817059,1,
10/20/2024 14:00,Fall,17.988,7.7,7.7,1478.418058,23.1,1.11,1.796,-0.489354,229.014045,9.981099,6.953868,-6.67321,-6.924277,0.029591,0.629,0.610687,25.421079,2.705473,79.331639,0.181591,16.68,-7.19,-7.137311,-0.052689,-16.439174,-6.758415,1,-0.503826748
10/20/2024 15:00,Fall,17.8375,7.7275,7.7275,1388.037985,23.075,1.112,1.80425,-0.463749,173.728872,8.240595,6.480144,-6.648319,-6.817453,-0.337309,0.6305,0.614548,23.403701,2.551654,79.513967,0.193219,16.6775,-7.21,-7.205496,-0.004504,-16.499984,-6.802419,1,
10/20/2024 16:00,Fall,17.687,7.755,7.755,1302.976691,23.05,1.114,1.8125,-0.438219,99.814616,6.50009,5.444174,-6.623427,-6.712277,-1.268103,0.632,0.618437,21.487161,2.406224,79.683578,0.205553,16.675,-7.23,-7.262222,0.032222,-16.559574,-6.845175,1,
10/20/2024 17:00,Fall,17.5365,7.7825,7.7825,1222.943306,23.025,1.116,1.82075,-0.412761,26.041006,4.759585,2.689013,-6.598536,-6.608724,-3.919711,0.6335,0.622353,19.666666,2.268765,79.840982,0.218636,16.6725,-7.25,-7.301388,0.051388,-16.618003,-6.886742,1,
10/20/2024 18:00,Fall,17.386,7.81,7.81,1147.660314,23,1.118,1.829,-0.387373,0.000383,3.01908,0.000058,-6.573645,-6.506768,-6.50671,0.635,0.626298,17.937595,2.138873,79.986662,0.232512,16.67,-7.27,-7.316227,0.046227,-16.67533,-6.927179,1,-0.401908087
2/7/2025 18:00,Winter,11.197,8,8,558.545439,16.2,1.179,1.926,-0.523585,0.448413,0,0.015328,-1.512364,-5.125681,-5.110353,0.53001,0.622245,3.405805,1.269,64.888624,0.2442,13.38,-9.24,-9.24,0,-19.422407,-8.969401,1,-0.537065014
2/7/2025 19:00,Winter,11.1185,7.9025,7.9025,693.939088,16.2,1.16675,1.9065,-0.624464,0,0,0,-1.514297,-5.097038,-5.097038,0.50554,0.594924,6.541323,1.580777,64.459187,0.193296,13.365,-9.2775,-9.267647,-0.009853,-19.401042,-8.938315,0,
2/7/2025 20:00,Winter,11.04,7.805,7.805,860.567987,16.2,1.1545,1.887,-0.726192,0,0,0,-1.51623,-5.068555,-5.068555,0.481069,0.567472,10.098253,1.965542,63.913534,0.152709,13.35,-9.315,-9.301098,-0.013902,-19.363903,-8.891279,0,
2/7/2025 21:00,Winter,10.9615,7.7075,7.7075,1064.895208,16.2,1.14225,1.8675,-0.828883,0,0,0,-1.518164,-5.040232,-5.040232,0.456598,0.539889,14.111811,2.438673,63.23348,0.12037,13.335,-9.3525,-9.34222,-0.01028,-19.307559,-8.824827,0,
2/7/2025 22:00,Winter,10.883,7.61,7.61,1314.332452,16.2,1.13,1.848,-0.932691,0,0,0,-1.520097,-5.012066,-5.012066,0.432127,0.512173,18.606822,3.017887,62.396997,0.094621,13.32,-9.39,-9.393153,0.003153,-19.228049,-8.734956,0,-0.947025174
2/7/2025 23:00,Winter,10.831,7.6,7.6,1345.821734,16.3,1.1305,1.85375,-0.940365,0,0,0,-1.554373,-4.993496,-4.993496,0.423738,0.503025,18.92576,3.095617,62.479693,0.092467,13.3575,-9.5325,-9.524868,-0.007632,-19.360088,-8.862105,0,
2/8/2025 0:00,Winter,10.779,7.59,7.59,1378.006635,16.4,1.131,1.8595,-0.948073,0,0,0,-1.588649,-4.974994,-4.974994,0.41535,0.493847,19.234222,3.175218,62.55975,0.090357,13.395,-9.675,-9.633339,-0.041661,-19.491797,-8.98892,0,
2/8/2025 1:00,Winter,10.727,7.58,7.58,1410.900062,16.5,1.1315,1.86525,-0.955816,0,0,0,-1.622924,-4.956561,-4.956561,0.406961,0.48464,19.531552,3.256729,62.637114,0.088292,13.4325,-9.8175,-9.723217,-0.094283,-19.62317,-9.115394,0,
2/8/2025 2:00,Winter,10.675,7.57,7.57,1444.515051,16.6,1.132,1.871,-0.963594,0,0,0,-1.6572,-4.938196,-4.938196,0.398572,0.475403,19.817073,3.34019,62.711733,0.086269,13.47,-9.96,-9.798213,-0.161787,-19.754201,-9.241522,0,-0.977825165
2/8/2025 3:00,Winter,10.64675,7.5625,7.5625,1466.869354,16.65,1.14325,1.88075,-0.970895,0,0,0,-1.711267,-4.928247,-4.928247,0.46342,0.553229,23.569751,3.395127,62.612819,0.084589,13.465,-9.93,-9.806174,-0.123826,-19.715651,-9.19913,0,
2/8/2025 4:00,Winter,10.6185,7.555,7.555,1489.538163,16.7,1.1545,1.8905,-0.97821,0,0,0,-1.765334,-4.918319,-4.918319,0.528269,0.631189,27.479623,3.450896,62.512715,0.08294,13.46,-9.9,-9.81422,-0.08578,-19.676906,-9.156541,0,
2/8/2025 5:00,Winter,10.59025,7.5475,7.5475,1512.524903,16.75,1.16575,1.90025,-0.985538,0,0,0,-1.819401,-4.90841,-4.90841,0.593117,0.709283,31.550248,3.507507,62.411408,0.081321,13.455,-9.87,-9.822371,-0.047629,-19.637965,-9.113753,0,
2/8/2025 6:00,Winter,10.562,7.54,7.54,1535.833003,16.8,1.177,1.91,-0.992879,0,0,0,-1.873468,-4.898522,-4.898522,0.657965,0.787513,35.785241,3.564971,62.308884,0.079731,13.45,-9.84,-9.830644,-0.009356,-19.598824,-9.070761,0,-1.007319536
2/8/2025 7:00,Winter,10.6575,7.5675,7.5675,1455.066549,16.7,1.1545,1.90475,-0.963135,0,0.566998,0,-1.920639,-4.932031,-4.932031,0.714692,0.852916,35.924316,3.366579,62.824742,0.085903,13.5,-9.8075,-9.910435,0.102935,-19.601127,-9.084683,0,
2/8/2025 8:00,Winter,10.753,7.595,7.595,1378.143531,16.6,1.132,1.8995,-0.933535,0.173042,1.133996,0.005745,-1.96781,-4.965769,-4.960024,0.77142,0.917938,35.761055,3.178312,63.325982,0.092524,13.55,-9.775,-9.969041,0.194041,-19.600867,-9.096005,1,
2/8/2025 9:00,Winter,10.8485,7.6225,7.6225,1304.923842,16.5,1.1095,1.89425,-0.904071,36.726383,1.700995,1.032738,-2.014981,-4.999738,-3.967,0.828147,0.98258,35.324572,2.999752,63.813135,0.099625,13.6,-9.7425,-9.988153,0.245653,-19.598167,-9.104854,1,
2/8/2025 10:00,Winter,10.944,7.65,7.65,1235.267624,16.4,1.087,1.889,-0.87474,107.678386,2.267993,2.330496,-2.062152,-5.033939,-2.703443,0.884874,1.046845,34.642074,2.83049,64.286725,0.107241,13.65,-9.71,-9.972843,0.262843,-19.593148,-9.11135,1,-0.888423279
2/8/2025 11:00,Winter,11.03875,7.695,7.695,1120.409647,16.35,1.093,1.87925,-0.827671,172.202616,2.571657,3.09,-2.126904,-5.068103,-1.978103,1.136437,1.3406,38.062671,2.559122,64.60533,0.119883,13.6425,-9.715,-9.86791,0.15291,-19.644124,-9.174342,1,
2/8/2025 12:00,Winter,11.1335,7.74,7.74,1015.649403,16.3,1.099,1.8695,-0.780855,215.517055,2.875321,3.480613,-2.191656,-5.102499,-1.621886,1.388,1.632672,39.361478,2.312456,64.887734,0.133933,13.635,-9.72,-9.76933,0.04933,-19.689883,-9.232051,1,
2/8/2025 13:00,Winter,11.22825,7.785,7.785,920.199621,16.25,1.105,1.85975,-0.734275,231.391373,3.178984,3.621016,-2.256408,-5.137128,-1.516112,1.639563,1.923073,38.862061,2.088476,65.136502,0.149546,13.6275,-9.725,-9.681817,-0.043183,-19.73086,-9.284919,1,
2/8/2025 14:00,Winter,11.323,7.83,7.83,833.315874,16.2,1.111,1.85,-0.687915,217.898928,3.482648,3.544697,-2.32116,-5.171992,-1.627295,1.891125,2.211816,36.849885,1.885285,65.354007,0.166893,13.62,-9.73,-9.608092,-0.121908,-19.767462,-9.333357,1,-0.701183149
2/8/2025 15:00,Winter,11.3575,7.8,7.8,888.540769,16.2,1.106,1.862,-0.719428,176.670201,2.699856,3.201473,-2.317776,-5.184745,-1.983273,1.759487,2.055722,38.866418,2.007906,65.001698,0.155028,13.58,-9.5975,-9.507989,-0.089511,-19.6053,-9.173634,1,
2/8/2025 16:00,Winter,11.392,7.77,7.77,947.229792,16.2,1.101,1.874,-0.751032,113.507858,1.917063,2.485604,-2.314392,-5.19753,-2.711926,1.627849,1.89995,40.455157,2.138062,64.637771,0.143976,13.54,-9.465,-9.439048,-0.025952,-19.441415,-9.012172,1,
2/8/2025 17:00,Winter,11.4265,7.74,7.74,1009.575859,16.2,1.096,1.886,-0.782733,42.103568,1.134271,1.203954,-2.311008,-5.210347,-4.006392,1.496211,1.7445,41.566408,2.276162,64.261743,0.133681,13.5,-9.3325,-9.411301,0.078801,-19.275706,-8.848866,1,
2/8/2025 18:00,Winter,11.461,7.71,7.71,1075.779316,16.2,1.091,1.898,-0.814535,0.563424,0.351479,0.019602,-2.307624,-5.223194,-5.203593,1.364572,1.589371,42.146384,2.42263,63.873105,0.124093,13.46,-9.2,-9.420338,0.220338,-19.108068,-8.683612,1,-0.828342969
2/8/2025 19:00,Winter,11.38525,7.67,7.67,1173.118104,16.25,1.10475,1.88775,-0.856153,0,0.263609,0,-2.281576,-5.195026,-5.195026,1.268803,1.481188,45.162266,2.64854,63.578264,0.112391,13.46,-9.3,-9.486859,0.186859,-19.167685,-8.734716,0,
2/8/2025 20:00,Winter,11.3095,7.63,7.63,1278.664063,16.3,1.1185,1.8775,-0.897978,0,0.175739,0,-2.255528,-5.16701,-5.16701,1.173033,1.372509,47.764295,2.894168,63.254642,0.101742,13.46,-9.4,-9.547974,0.147974,-19.223063,-8.781532,0,
2/8/2025 21:00,Winter,11.23375,7.59,7.59,1393.000672,16.35,1.13225,1.86725,-0.940025,0,0.08787,0,-2.229479,-5.139145,-5.139145,1.077263,1.263333,49.866515,3.160984,62.900338,0.092052,13.46,-9.5,-9.605592,0.105592,-19.273876,-8.823731,0,
2/8/2025 22:00,Winter,11.158,7.55,7.55,1516.732431,16.4,1.146,1.857,-0.982307,0,0,0,-2.203431,-5.111431,-5.111431,0.981494,1.153654,51.372345,3.450524,62.513356,0.083237,13.46,-9.6,-9.661288,0.061288,-19.319787,-8.860971,0,-0.996760194
2/8/2025 23:00,Winter,11.11,7.5575,7.5575,1490.711633,16.425,1.1485,1.84425,-0.974703,0,0,0,-2.039758,-5.093946,-5.093946,0.903554,1.063585,46.244316,3.396802,62.547989,0.084622,13.4525,-9.7175,-9.706825,-0.010675,-19.452505,-8.989298,0,
2/9/2025 0:00,Winter,11.062,7.565,7.565,1465.111819,16.45,1.151,1.8315,-0.967106,0,0,0,-1.876085,-5.076522,-5.076522,0.825615,0.973254,41.310621,3.343863,62.581508,0.086027,13.445,-9.835,-9.740638,-0.094362,-19.585079,-9.11748,0,
2/9/2025 1:00,Winter,11.014,7.5725,7.5725,1439.926974,16.475,1.1535,1.81875,-0.959519,0,0,0,-1.712412,-5.059157,-5.059157,0.747676,0.882659,36.567304,3.291696,62.613925,0.087455,13.4375,-9.9525,-9.765044,-0.187456,-19.71751,-9.245516,0,
2/9/2025 2:00,Winter,10.966,7.58,7.58,1415.151146,16.5,1.156,1.806,-0.95194,0,0,0,-1.548738,-5.041851,-5.041851,0.669737,0.7918,32.010474,3.240292,62.645253,0.088904,13.43,-10.07,-9.781901,-0.288099,-19.8498,-9.37341,0,-0.966286133
2/9/2025 3:00,Winter,10.785,7.5825,7.5825,1412.080782,16.6,1.17825,1.835,-0.947423,0,0,0,-1.449953,-4.977125,-4.977125,0.65336,0.776697,31.330254,3.253063,63.014439,0.089513,13.5075,-10.02,-9.902621,-0.117379,-19.82182,-9.323204,0,
2/9/2025 4:00,Winter,10.604,7.585,7.585,1408.979551,16.7,1.2005,1.864,-0.942941,0,0,0,-1.351167,-4.913231,-4.913231,0.636982,0.76142,30.644724,3.265855,63.383606,0.090122,13.585,-9.97,-9.996825,0.026825,-19.793853,-9.272983,0,
2/9/2025 5:00,Winter,10.423,7.5875,7.5875,1405.848265,16.8,1.22275,1.893,-0.938492,0,0,0,-1.252382,-4.850156,-4.850156,0.620605,0.745967,29.953909,3.278668,63.752751,0.09073,13.6625,-9.92,-10.070164,0.150164,-19.765901,-9.222747,0,
2/9/2025 6:00,Winter,10.242,7.59,7.59,1402.687721,16.9,1.245,1.922,-0.934077,0,0,0,-1.153596,-4.787891,-4.787891,0.604228,0.730334,29.257833,3.291505,64.121873,0.091337,13.74,-9.87,-10.127016,0.257016,-19.737962,-9.172494,0,-0.948161749
2/9/2025 7:00,Winter,10.27475,7.605,7.605,1354.475808,16.825,1.2065,1.89625,-0.920794,0,0.572584,0,-1.046945,-4.799098,-4.799098,0.581153,0.701735,26.722679,3.17483,64.066214,0.094541,13.6975,-9.8675,-10.014857,0.147357,-19.754279,-9.192973,0,
2/9/2025 8:00,Winter,10.3075,7.62,7.62,1307.809519,16.75,1.168,1.8705,-0.907556,0.228147,1.145168,0.007344,-0.940293,-4.810331,-4.802987,0.558078,0.673194,24.345869,3.062031,64.005055,0.09785,13.655,-9.865,-9.918656,0.053656,-19.769902,-9.212748,1,
2/9/2025 9:00,Winter,10.34025,7.635,7.635,1262.646058,16.675,1.1295,1.84475,-0.894361,38.05516,1.717752,1.027358,-0.833642,-4.82159,-3.794232,0.535003,0.64471,22.120445,2.952997,63.938548,0.101265,13.6125,-9.8625,-9.816066,-0.046434,-19.784849,-9.231839,1,
2/9/2025 10:00,Winter,10.373,7.65,7.65,1218.943381,16.6,1.091,1.819,-0.88121,109.596773,2.290336,2.266093,-0.726991,-4.832875,-2.566783,0.511928,0.616283,20.039697,2.847615,63.866841,0.10479,13.57,-9.86,-9.703482,-0.156518,-19.799138,-9.250264,1,-0.89481224
2/9/2025 11:00,Winter,10.45425,7.665,7.665,1180.80427,16.55,1.1135,1.824,-0.865518,174.398973,2.594596,2.987964,-0.896517,-4.860988,-1.873024,0.513667,0.616836,19.087445,2.750909,63.98188,0.108928,13.5675,-9.8,-9.644776,-0.155224,-19.750994,-9.211477,1,
2/9/2025 12:00,Winter,10.5355,7.68,7.68,1143.77711,16.5,1.136,1.829,-0.849862,217.859607,2.898856,3.357218,-1.066043,-4.889264,-1.532046,0.515406,0.617386,18.16219,2.657307,64.09241,0.11322,13.565,-9.74,-9.58694,-0.15306,-19.702168,-9.171997,1,
2/9/2025 13:00,Winter,10.61675,7.695,7.695,1107.834557,16.45,1.1585,1.834,-0.834242,233.790597,3.203117,3.487946,-1.23557,-4.917705,-1.429758,0.517145,0.617931,17.263301,2.566721,64.198547,0.117671,13.5625,-9.68,-9.534812,-0.145188,-19.652682,-9.131845,1,
2/9/2025 14:00,Winter,10.698,7.71,7.71,1072.949604,16.4,1.181,1.839,-0.818656,220.273235,3.507377,3.412617,-1.405096,-4.94631,-1.533693,0.518884,0.618473,16.390153,2.479067,64.300401,0.122289,13.56,-9.62,-9.491874,-0.128126,-19.602555,-9.09104,1,-0.832116794
2/9/2025 15:00,Winter,10.6715,7.7025,7.7025,1090.386727,16.375,1.1605,1.8395,-0.82754,178.928748,2.723533,3.07398,-1.363868,-4.936962,-1.862982,0.528332,0.630243,17.153264,2.521617,64.245522,0.119994,13.56,-9.5825,-9.465222,-0.117278,-19.559412,-9.044219,1,
2/9/2025 16:00,Winter,10.645,7.695,7.695,1108.089252,16.35,1.14,1.84,-0.836433,115.518002,1.93969,2.387113,-1.322641,-4.927632,-2.540519,0.537779,0.642033,17.940841,2.564857,64.189624,0.117739,13.56,-9.545,-9.457186,-0.087814,-19.516118,-8.997244,1,
2/9/2025 17:00,Winter,10.6185,7.6875,7.6875,1126.060645,16.325,1.1195,1.8405,-0.845334,43.56285,1.155847,1.170989,-1.281414,-4.918319,-3.74733,0.547227,0.653841,18.75341,2.608797,64.132695,0.115525,13.56,-9.5075,-9.476608,-0.030892,-19.47267,-8.950113,1,
2/9/2025 18:00,Winter,10.592,7.68,7.68,1144.3044,16.3,1.099,1.841,-0.854243,0.697821,0.372003,0.022851,-1.240187,-4.909024,-4.886173,0.556675,0.665669,19.591509,2.653446,64.074723,0.113351,13.56,-9.47,-9.51787,0.04787,-19.429067,-8.902824,1,-0.867781114
4/18/2025 18:00,Spring,19.94,8.03,8.03,498.244809,13.5,0.975,1.541,-0.502726,52.621066,3.163261,3.963124,-3.243061,-4.889619,-0.926495,1.330329,1.228656,3.564719,0.860514,55.199788,0.275955,11.34,-9.87,-9.87,0,-19.107352,-9.676351,1,-0.512749444
4/18/2025 19:00,Spring,19.8575,7.9475,7.9475,605.851549,13.675,0.97125,1.538,-0.577752,0.901118,2.372446,0.23454,-3.201689,-4.871191,-4.636652,1.255783,1.162224,8.273743,1.04889,55.578636,0.229423,11.455,-9.9125,-10.044473,0.131973,-19.11737,-9.677081,1,
4/18/2025 20:00,Spring,19.775,7.865,7.865,735.813471,13.85,0.9675,1.535,-0.653416,0,1.581631,0,-3.160316,-4.852833,-4.852833,1.181237,1.095512,13.382305,1.276972,55.892199,0.190499,11.57,-9.955,-10.188959,0.233959,-19.119374,-9.669715,0,
4/18/2025 21:00,Spring,19.6925,7.7825,7.7825,892.45559,14.025,0.96375,1.532,-0.72976,0,0.790815,0,-3.118944,-4.834544,-4.834544,1.106691,1.02852,18.885522,1.552572,56.131334,0.157958,11.685,-9.9975,-10.312237,0.314737,-19.111828,-9.6527,0,
4/18/2025 22:00,Spring,19.61,7.7,7.7,1080.800431,14.2,0.96,1.529,-0.806846,0,0,0,-3.077571,-4.816324,-4.816324,1.032145,0.961245,24.757641,1.884792,56.284862,0.130767,11.8,-10.04,-10.420426,0.380426,-19.092967,-9.624257,0,-0.81747343
4/18/2025 23:00,Spring,19.54,7.665,7.665,1161.960723,14.225,0.95175,1.531,-0.844958,0,0,0,-3.055137,-4.800919,-4.800919,1.023675,0.95505,27.646458,2.030508,55.874485,0.119532,11.755,-10.1025,-10.326868,0.224368,-19.128598,-9.652251,0,
4/19/2025 0:00,Spring,19.47,7.63,7.63,1248.796127,14.25,0.9435,1.533,-0.883219,0,0,0,-3.032702,-4.785562,-4.785562,1.015205,0.948831,30.708087,2.186761,55.448237,0.109224,11.71,-10.165,-10.255696,0.090696,-19.161597,-9.677584,0,
4/19/2025 1:00,Spring,19.4,7.595,7.595,1341.641246,14.275,0.93525,1.535,-0.921637,0,0,0,-3.010267,-4.770255,-4.770255,1.006735,0.94259,33.950668,2.354202,55.005325,0.099768,11.665,-10.2275,-10.203253,-0.024247,-19.191781,-9.700073,0,
4/19/2025 2:00,Spring,19.33,7.56,7.56,1440.84048,14.3,0.927,1.537,-0.960222,0,0,0,-2.987832,-4.754997,-4.754997,0.998266,0.936324,37.382354,2.533505,54.544912,0.091093,11.62,-10.29,-10.166595,-0.123405,-19.218961,-9.719525,0,-0.971949715
4/19/2025 3:00,Spring,19.28,7.5425,7.5425,1514.147411,14.575,1.1275,1.79175,-0.966434,0,0,0,-2.965156,-4.744128,-4.744128,0.974374,0.915079,39.176258,2.666328,55.112561,0.088392,11.77,-10.3525,-10.375357,0.022857,-19.264053,-9.759343,0,
4/19/2025 4:00,Spring,19.23,7.525,7.525,1590.775334,14.85,1.328,2.0465,-0.972904,0,0,0,-2.942479,-4.733284,-4.733284,0.950483,0.893779,40.962643,2.805397,55.671493,0.085747,11.92,-10.415,-10.547107,0.132107,-19.308317,-9.798324,0,
4/19/2025 5:00,Spring,19.18,7.5075,7.5075,1670.852835,15.125,1.5285,2.30125,-0.979625,0,0,0,-2.919803,-4.722465,-4.722465,0.926591,0.872423,42.737075,2.950967,56.221357,0.083158,12.07,-10.4775,-10.689553,0.212053,-19.351728,-9.836442,0,
4/19/2025 6:00,Spring,19.13,7.49,7.49,1754.511947,15.4,1.729,2.556,-0.986592,0,0,0,-2.897126,-4.71167,-4.71167,0.9027,0.851013,44.49475,3.103299,56.761792,0.080625,12.22,-10.54,-10.808747,0.268747,-19.394258,-9.873669,0,-1.002025235
4/19/2025 7:00,Spring,19.2325,7.5275,7.5275,1614.384202,15.025,1.5215,2.29975,-0.957256,13.957155,1.567669,2.146698,-2.921085,-4.733826,-2.587128,0.974653,0.916449,42.850785,2.846802,56.847043,0.088185,12.1675,-10.5225,-10.661044,0.138544,-19.418196,-9.909554,1,
4/19/2025 8:00,Spring,19.335,7.565,7.565,1484.720447,14.65,1.314,2.0435,-0.928397,91.2,3.135338,4.312191,-2.945044,-4.756085,-0.443894,1.046606,0.981541,40.87732,2.610239,56.904001,0.096404,12.115,-10.505,-10.51774,0.01274,-19.438198,-9.941455,1,
4/19/2025 9:00,Spring,19.4375,7.6025,7.6025,1364.847142,14.275,1.1065,1.78725,-0.900016,186.221434,4.703008,4.779764,-2.969003,-4.778449,0.001315,1.11856,1.046292,38.632627,2.392252,56.934476,0.105337,12.0625,-10.4875,-10.391984,-0.095516,-19.45452,-9.969633,1,
4/19/2025 10:00,Spring,19.54,7.64,7.64,1254.117358,13.9,0.899,1.531,-0.872115,272.86105,6.270677,4.964702,-2.992962,-4.800919,0.163783,1.190513,1.110703,36.168346,2.191546,56.94019,0.115045,12.01,-10.47,-10.272151,-0.197849,-19.467411,-9.994338,1,-0.882335904
4/19/2025 11:00,Spring,19.75,7.8475,7.8475,788.793149,13.875,0.895,1.53025,-0.658461,339.314627,7.299303,5.101381,-3.054695,-4.847284,0.254098,1.15838,1.074994,15.365484,1.369912,57.593679,0.18867,11.935,-10.345,-10.128327,-0.216673,-19.49699,-10.048122,1,
4/19/2025 12:00,Spring,19.96,8.055,8.055,492.023139,13.85,0.891,1.5295,-0.448627,378.826164,8.327929,5.201916,-3.116428,-4.894097,0.307819,1.126248,1.039648,2.762509,0.849261,57.768092,0.306743,11.86,-10.22,-9.986939,-0.233061,-19.463174,-10.037868,1,
4/19/2025 13:00,Spring,20.17,8.2625,8.2625,304.965085,13.825,0.887,1.52875,-0.242076,387.82946,9.356555,5.279783,-3.178161,-4.941362,0.338421,1.094115,1.004662,-4.687562,0.523168,57.573491,0.495454,11.785,-10.095,-9.864118,-0.230882,-19.388846,-9.98668,1,
4/19/2025 14:00,Spring,20.38,8.47,8.47,187.942791,13.8,0.883,1.528,-0.038951,365.550636,10.385181,5.336628,-3.239894,-4.989084,0.347544,1.061983,0.970029,-8.961035,0.320451,57.051042,0.795657,11.71,-9.97,-9.775197,-0.194803,-19.289711,-9.910416,1,-0.047515729
4/19/2025 15:00,Spring,20.5775,8.395,8.395,225.513899,13.65,0.905,1.528,-0.111787,313.954885,9.145774,5.360103,-3.256615,-5.034385,0.325718,1.014351,0.921951,-7.15676,0.382314,57.438327,0.676971,11.77,-9.9375,-9.732976,-0.204524,-19.220656,-9.863074,1,
4/19/2025 16:00,Spring,20.775,8.32,8.32,270.392094,13.5,0.927,1.528,-0.185158,237.894971,7.906368,5.327568,-3.273336,-5.080098,0.24747,0.96672,0.874334,-5.249827,0.455784,57.784414,0.575542,11.83,-9.905,-9.723504,-0.181496,-19.149587,-9.813671,1,
4/19/2025 17:00,Spring,20.9725,8.245,8.245,323.9655,13.35,0.949,1.528,-0.259029,145.871758,6.666962,5.144916,-3.290057,-5.126226,0.01869,0.919088,0.827172,-3.233912,0.542988,58.089927,0.488941,11.89,-9.8725,-9.812714,-0.059786,-19.07606,-9.76176,1,
4/19/2025 18:00,Spring,21.17,8.17,8.17,387.873916,13.2,0.971,1.528,-0.33338,53.654292,5.427555,4.316968,-3.306778,-5.172773,-0.855804,0.871457,0.780461,-1.104419,0.646422,58.354513,0.415057,11.95,-9.84,-9.958395,0.118395,-18.999572,-9.706832,1,-0.340858682
4/19/2025 19:00,Spring,21.16,8.045,8.045,528.040737,13.475,0.95975,1.54575,-0.440344,1.041755,4.070666,0.293206,-3.247073,-5.170406,-4.8772,0.849567,0.761046,3.081801,0.880269,59.601447,0.318146,12.2375,-9.8675,-10.32123,0.45373,-18.981155,-9.687113,1,
4/19/2025 20:00,Spring,21.15,7.92,7.92,716.881483,13.75,0.9485,1.5635,-0.548833,0,2.713778,0,-3.187367,-5.16804,-5.16804,0.827677,0.741621,8.463388,1.195413,60.706188,0.243171,12.525,-9.895,-10.615557,0.720557,-18.948656,-9.653179,0,
4/19/2025 21:00,Spring,21.14,7.795,7.795,970.251427,14.025,0.93725,1.58125,-0.658924,0,1.356889,0,-3.127661,-5.165675,-5.165675,0.805788,0.722187,15.376111,1.618369,61.638578,0.185268,12.8125,-9.9225,-10.860037,0.937537,-18.897695,-9.600606,0,
4/19/2025 22:00,Spring,21.13,7.67,7.67,1308.434009,14.3,0.926,1.599,-0.77078,0,0,0,-3.067955,-5.163312,-5.163312,0.783898,0.702744,24.228935,2.183073,62.356879,0.14062,13.1,-9.95,-11.068435,1.118435,-18.822837,-9.523911,0,-0.778553408
4/19/2025 23:00,Spring,21.025,7.64,7.64,1369.616218,14.325,0.9275,1.5855,-0.810306,0,0,0,-3.033591,-5.138558,-5.138558,0.76157,0.684512,25.243454,2.292074,60.98605,0.127923,12.8525,-10.015,-10.673216,0.658216,-18.868564,-9.558222,0,
4/20/2025 0:00,Spring,20.92,7.61,7.61,1432.774344,14.35,0.929,1.572,-0.850106,0,0,0,-2.999228,-5.113923,-5.113923,0.739241,0.666182,26.219304,2.405044,59.608205,0.116297,12.605,-10.08,-10.349557,0.269557,-18.912261,-9.590476,0,
4/20/2025 1:00,Spring,20.815,7.58,7.58,1497.875961,14.375,0.9305,1.5585,-0.890191,0,0,0,-2.964865,-5.089407,-5.089407,0.716913,0.647753,27.150635,2.521963,58.22349,0.105658,12.3575,-10.145,-10.086271,-0.058729,-18.953806,-9.620549,0,
4/20/2025 2:00,Spring,20.71,7.55,7.55,1564.874627,14.4,0.932,1.545,-0.930574,0,0,0,-2.930501,-5.065008,-5.065008,0.694585,0.629226,28.031284,2.642788,56.832077,0.095925,12.11,-10.21,-9.873891,-0.336109,-18.99307,-9.648312,0,-0.940401073
4/20/2025 3:00,Spring,20.54,7.545,7.545,1576.66489,14.45,0.9255,1.5515,-0.937239,0,0,0,-2.916013,-5.025752,-5.025752,0.689971,0.627708,28.271306,2.675839,56.738797,0.094305,12.1,-10.2825,-9.977071,-0.305429,-19.075373,-9.712158,0,
4/20/2025 4:00,Spring,20.37,7.54,7.54,1588.530681,14.5,0.919,1.558,-0.943917,0,0,0,-2.901525,-4.986801,-4.986801,0.685358,0.626172,28.511398,2.709316,56.644901,0.09271,12.09,-10.355,-10.058192,-0.296808,-19.157562,-9.775869,0,
4/20/2025 5:00,Spring,20.2,7.535,7.535,1600.472113,14.55,0.9125,1.5645,-0.95061,0,0,0,-2.887037,-4.948151,-4.948151,0.680744,0.624616,28.75152,2.743224,56.550382,0.091138,12.08,-10.4275,-10.121695,-0.305805,-19.239635,-9.839443,0,
4/20/2025 6:00,Spring,20.03,7.53,7.53,1612.489284,14.6,0.906,1.571,-0.957318,0,0,0,-2.872549,-4.909802,-4.909802,0.676131,0.623042,28.991634,2.77757,56.455235,0.089591,12.07,-10.5,-10.171108,-0.328892,-19.32159,-9.902879,0,-0.967922763
4/20/2025 7:00,Spring,20.2925,7.5675,7.5675,1488.445417,14.375,0.906,1.57225,-0.921579,14.964289,1.577806,2.395269,-2.913101,-4.969144,-2.573875,0.662398,0.606372,25.244301,2.544347,56.603804,0.09851,12.0375,-10.415,-10.153048,-0.261952,-19.25797,-9.868449,1,
4/20/2025 8:00,Spring,20.555,7.605,7.605,1373.312515,14.15,0.906,1.5735,-0.886155,92.998764,3.155612,4.685544,-2.953653,-5.029204,-0.343659,0.648665,0.589908,21.879615,2.329709,56.725665,0.108258,12.005,-10.33,-10.108744,-0.221256,-19.190406,-9.829987,1,
4/20/2025 9:00,Spring,20.8175,7.6425,7.6425,1266.544844,13.925,0.906,1.57475,-0.851036,188.106479,4.733418,5.234899,-2.994206,-5.089989,0.14491,0.634932,0.573645,18.863989,2.132335,56.822548,0.118912,11.9725,-10.245,-10.038706,-0.206294,-19.119186,-9.787785,1,
4/20/2025 10:00,Spring,21.08,7.68,7.68,1167.615107,13.7,0.906,1.576,-0.816214,274.657114,6.311224,5.491585,-3.034758,-5.151509,0.340076,0.621199,0.55758,16.166246,1.950971,56.896086,0.130554,11.94,-10.16,-9.887032,-0.272968,-19.044584,-9.742119,1,-0.825135708
4/20/2025 11:00,Spring,21.255,7.9325,7.9325,666.011447,13.65,0.9025,1.5625,-0.556662,340.974458,7.3367,5.628918,-3.097975,-5.192935,0.435982,0.850499,0.760085,7.164033,1.107258,57.919756,0.238849,11.9425,-10.055,-9.714189,-0.340811,-19.102791,-9.820611,1,
4/20/2025 12:00,Spring,21.43,8.185,8.185,375.850894,13.6,0.899,1.549,-0.302305,380.347818,8.362177,5.726361,-3.161192,-5.234695,0.491667,1.079799,0.960829,-1.808198,0.621735,58.328586,0.432157,11.945,-9.95,-9.557429,-0.392571,-19.085422,-9.822787,1,
4/20/2025 13:00,Spring,21.605,8.4375,8.4375,210.292787,13.55,0.8955,1.5355,-0.052896,389.233144,9.387653,5.798692,-3.224408,-5.27679,0.521902,1.309099,1.159829,-9.655131,0.346133,58.237264,0.775166,11.9475,-9.845,-9.435188,-0.409812,-19.025278,-9.781762,1,
4/20/2025 14:00,Spring,21.78,8.69,8.69,116.587866,13.5,0.892,1.522,0.190293,366.868392,10.413129,5.847818,-3.287625,-5.319223,0.528595,1.538399,1.357098,-16.236595,0.190944,57.618311,1.37799,11.95,-9.74,-9.367638,-0.372362,-18.94305,-9.718424,1,0.183697393
4/20/2025 15:00,Spring,21.89,8.5925,8.5925,147.296293,13.475,0.904,1.52075,0.099317,315.222405,9.173464,5.840444,-3.28644,-5.34607,0.494374,1.497794,1.317695,-14.185524,0.240485,58.061422,1.11178,11.9775,-9.69,-9.387721,-0.302279,-18.867273,-9.654284,1,
4/20/2025 16:00,Spring,22,8.495,8.495,185.804072,13.45,0.916,1.5195,0.00723,239.140154,7.933799,5.772908,-3.285256,-5.373053,0.399856,1.45719,1.278498,-11.844588,0.30241,58.417722,0.895645,12.005,-9.64,-9.420178,-0.219822,-18.789685,-9.588308,1,
4/20/2025 17:00,Spring,22.11,8.3975,8.3975,234.054859,13.425,0.928,1.51825,-0.085815,147.087023,6.694134,5.546558,-3.284071,-5.400171,0.146387,1.416585,1.239507,-9.155202,0.379758,58.695338,0.72055,12.0325,-9.59,-9.53893,-0.05107,-18.709552,-9.519756,1,
4/20/2025 18:00,Spring,22.22,8.3,8.3,294.460781,13.4,0.94,1.517,-0.179703,54.687669,5.454469,4.64673,-3.282886,-5.427427,-0.780697,1.375981,1.200721,-6.048359,0.476285,58.899459,0.578954,12.06,-9.54,-9.716659,0.176659,-18.62602,-9.447766,1,-0.185940157
7/18/2025 18:00,Summer,32.29,9.01,9.01,93.144018,21,1.486,2.212,0.956179,102.03198,11.890083,22.588477,-11.490541,-11.742311,10.846165,0.758561,0.51749,-6.539594,0.115783,83.03988,5.241344,18.28,-7.27,-7.27,0,-15.422873,-7.308255,1,1.330497982
7/18/2025 19:00,Summer,31.945,8.85,8.85,139.176638,22.875,1.34525,2.20475,0.855624,22.042357,8.917562,13.743453,-11.452496,-11.636882,2.106571,0.778121,0.535273,-5.824393,0.174452,86.332385,3.751508,18.5475,-7.445,-8.857468,1.412468,-15.611348,-7.462038,1,
7/18/2025 20:00,Summer,31.6,8.69,8.69,206.398003,24.75,1.2045,2.1975,0.745856,0.00003,5.945042,0.000038,-11.414451,-11.532399,-11.532361,0.797681,0.553339,-4.601896,0.260889,89.09238,2.666247,18.815,-7.62,-8.719015,1.099015,-15.800237,-7.616168,1,
7/18/2025 21:00,Summer,31.255,8.53,8.53,304.273643,26.625,1.06375,2.19025,0.628687,0,2.972521,0,-11.376407,-11.428854,-11.428854,0.817241,0.57169,-2.619422,0.387859,91.402001,1.884188,19.0825,-7.795,-8.62728,0.83228,-15.987365,-7.768452,0,
7/18/2025 22:00,Summer,30.91,8.37,8.37,446.407409,28.5,0.923,2.183,0.50554,0,0,0,-11.338362,-11.326239,-11.326239,0.836801,0.590326,0.497494,0.573877,93.32338,1.325248,19.35,-7.97,-8.565679,0.595679,-16.170053,-7.916189,0,-0.307441944
7/18/2025 23:00,Summer,30.785,8.27,8.27,562.15949,28.575,0.96875,2.152,0.40815,0,0,0,-11.242353,-11.289288,-11.289288,0.821432,0.581259,3.058156,0.724915,93.524363,1.052406,19.3375,-8.0175,-8.265157,0.247657,-16.209561,-7.942792,0,
7/19/2025 0:00,Summer,30.66,8.17,8.17,706.824634,28.65,1.0145,2.121,0.309681,0,0,0,-11.146344,-11.252457,-11.252457,0.806064,0.572132,6.169886,0.914286,93.579733,0.834425,19.325,-8.065,-8.066588,0.001588,-16.245077,-7.965361,0,
7/19/2025 1:00,Summer,30.535,8.07,8.07,887.385616,28.725,1.06025,2.09,0.210242,0,0,0,-11.050334,-11.215746,-11.215746,0.790696,0.562945,9.951672,1.151406,93.494129,0.660583,19.3125,-8.1125,-7.937393,-0.175107,-16.275359,-7.982639,0,
7/19/2025 2:00,Summer,30.41,7.97,7.97,1112.385575,28.8,1.106,2.059,0.109899,0,0,0,-10.954325,-11.179155,-11.179155,0.775328,0.553697,14.545266,1.447837,93.266175,0.522143,19.3,-8.16,-7.856286,-0.303714,-16.298915,-7.993126,0,-1.314050722
7/19/2025 3:00,Summer,30.2475,7.9175,7.9175,1241.635609,28.875,1.0895,2.06775,0.05346,0,0,0,-10.938611,-11.131765,-11.131765,0.781363,0.560235,17.483367,1.622615,92.466577,0.457198,19.165,-8.05,-7.698549,-0.351451,-16.183945,-7.859917,0,
7/19/2025 4:00,Summer,30.085,7.865,7.865,1385.187905,28.95,1.073,2.0765,-0.003258,0,0,0,-10.922896,-11.084576,-11.084576,0.787397,0.566817,20.797928,1.817571,91.625796,0.400112,19.03,-7.94,-7.593794,-0.346206,-16.066241,-7.723929,0,
7/19/2025 5:00,Summer,29.9225,7.8125,7.8125,1544.495084,29.025,1.0565,2.08525,-0.060262,0,0,0,-10.907182,-11.037587,-11.037587,0.793432,0.573444,24.532489,2.034863,90.742423,0.34995,18.895,-7.83,-7.525643,-0.304357,-15.945459,-7.584813,0,
7/19/2025 6:00,Summer,29.76,7.76,7.76,1721.125055,29.1,1.04,2.094,-0.117557,0.037254,0,0.040262,-10.891467,-10.990797,-10.950535,0.799467,0.580115,28.734816,2.276835,89.814617,0.305887,18.76,-7.72,-7.487601,-0.232399,-15.821216,-7.442185,1,-2.835582471
7/19/2025 7:00,Summer,29.8525,7.8625,7.8625,1380.969517,27.975,1.09,2.09575,-0.025406,33.69555,4.607666,13.699619,-11.00998,-11.017407,2.682212,0.818426,0.592525,21.649705,1.822619,91.115268,0.393544,18.92,-7.6725,-8.388545,0.716045,-15.82289,-7.45374,1,
7/19/2025 8:00,Summer,29.945,7.965,7.965,1105.958739,26.85,1.14,2.0975,0.065075,119.086859,9.215332,18.843611,-11.128492,-11.044081,7.79953,0.837385,0.604876,15.746666,1.456281,92.259475,0.505334,19.08,-7.625,-8.159671,0.534671,-15.813151,-7.45378,1,
7/19/2025 9:00,Summer,30.0375,8.0675,8.0675,884.232206,25.725,1.19,2.09925,0.153855,214.102429,13.822999,20.291503,-11.247005,-11.07082,9.220683,0.856344,0.617168,10.839918,1.161631,93.260645,0.647762,19.24,-7.5775,-7.795517,0.218017,-15.794299,-7.444623,1,
7/19/2025 10:00,Summer,30.13,8.17,8.17,705.866193,24.6,1.24,2.101,0.24085,300.033672,18.430665,20.969352,-11.365518,-11.097623,9.871729,0.875304,0.629402,6.767249,0.92517,94.126529,0.829032,19.4,-7.53,-7.493997,-0.036003,-15.768243,-7.428195,1,-0.873554365
7/19/2025 11:00,Summer,30.6725,8.33,8.33,487.841854,24.35,1.27625,2.10475,0.397016,366.795802,21.20979,22.240862,-11.497464,-11.256134,10.984728,0.881002,0.625131,1.51609,0.630848,93.243456,1.198342,19.2625,-7.335,-7.126407,-0.208593,-15.556099,-7.271909,1,
7/19/2025 12:00,Summer,31.215,8.49,8.49,335.773562,24.1,1.3125,2.1085,0.550136,408.079443,23.988915,23.443782,-11.62941,-11.416909,12.026873,0.886701,0.620885,-2.098327,0.428438,91.986241,1.724801,19.125,-7.14,-6.833596,-0.306404,-15.334945,-7.106355,1,
7/19/2025 13:00,Summer,31.7575,8.65,8.65,229.979461,23.85,1.34875,2.11225,0.699409,420.321927,26.768041,24.615995,-11.761356,-11.579981,13.036014,0.892399,0.616681,-4.573681,0.289584,90.302609,2.470313,18.9875,-6.945,-6.630822,-0.314178,-15.108719,-6.935504,1,
7/19/2025 14:00,Summer,32.3,8.81,8.81,156.545745,23.6,1.385,2.116,0.843694,402.498573,29.547166,25.759835,-11.893302,-11.745382,14.014454,0.898098,0.612535,-6.259013,0.194545,88.104473,3.516455,18.85,-6.75,-6.532485,-0.217515,-14.880514,-6.762477,1,1.393312194
7/19/2025 15:00,Summer,32.0775,8.7725,8.7725,172.088291,23.225,1.2805,2.1165,0.803305,356.091709,26.53396,25.108682,-11.860535,-11.677261,13.431422,0.914155,0.62684,-6.033542,0.215013,89.145886,3.251101,18.9725,-6.88,-6.766386,-0.113614,-15.027272,-6.887065,1,
7/19/2025 16:00,Summer,31.855,8.735,8.735,189.076107,22.85,1.176,2.117,0.762444,285.141513,23.520753,24.303388,-11.827768,-11.609535,12.693853,0.930212,0.641293,-5.757081,0.237516,90.152627,3.00416,19.095,-7.01,-6.92451,-0.08549,-15.174077,-7.011673,1,
7/19/2025 17:00,Summer,31.6325,8.6975,8.6975,207.640289,22.475,1.0715,2.1175,0.721126,196.533544,20.507547,23.151067,-11.795001,-11.542201,11.608865,0.946269,0.655895,-5.423671,0.262253,91.126233,2.774574,19.2175,-7.14,-7.097854,-0.042146,-15.320891,-7.136263,1,
7/19/2025 18:00,Summer,31.41,8.66,8.66,227.923736,22.1,0.967,2.118,0.679369,101.382175,17.49434,20.893829,-11.762233,-11.475259,9.41857,0.962326,0.670644,-5.026695,0.289439,92.068184,2.561317,19.34,-7.27,-7.439119,0.169119,-15.467677,-7.260796,1,1.016801008
7/19/2025 19:00,Summer,31.2425,8.5,8.5,331.746939,23.175,0.84725,2.11375,0.547613,21.575578,13.120755,12.793095,-11.655393,-11.42512,1.367975,0.95685,0.669556,-2.3657,0.423015,92.956962,1.784257,19.325,-7.375,-8.7111,1.3361,-15.566471,-7.342722,1,
7/19/2025 20:00,Summer,31.075,8.34,8.34,480.705038,24.25,0.7275,2.1095,0.411222,0.000013,8.74717,0.000016,-11.548553,-11.375201,-11.375185,0.951374,0.668451,1.438447,0.615478,93.438862,1.237601,19.31,-7.48,-8.360237,0.880237,-15.660316,-7.419641,1,
7/19/2025 21:00,Summer,30.9075,8.18,8.18,693.879761,25.325,0.60775,2.10525,0.271062,0,4.373585,0,-11.441713,-11.325499,-11.325499,0.945898,0.66733,6.866072,0.892088,93.565104,0.855193,19.295,-7.585,-8.130308,0.545308,-15.745671,-7.487982,0,
7/19/2025 22:00,Summer,30.74,8.02,8.02,997.973003,26.4,0.488,2.101,0.127687,0,0,0,-11.334873,-11.276015,-11.276015,0.940422,0.666191,14.58797,1.288359,93.352574,0.588795,19.28,-7.69,-7.983405,0.293405,-15.817877,-7.543048,0,-0.60667596
7/19/2025 23:00,Summer,30.5825,8.0025,8.0025,1035.586181,26.675,0.5465,2.09275,0.112298,0,0,0,-11.261363,-11.229682,-11.229682,0.910315,0.647356,15.106265,1.342137,93.275867,0.563591,19.2725,-7.7125,-7.902775,0.190275,-15.849821,-7.558556,0,
7/20/2025 0:00,Summer,30.425,7.985,7.985,1074.569249,26.95,0.605,2.0845,0.096833,0,0,0,-11.187853,-11.183539,-11.183539,0.880209,0.628367,15.599698,1.39811,93.194749,0.539434,19.265,-7.735,-7.845684,0.110684,-15.8815,-7.57378,0,
7/20/2025 1:00,Summer,30.2675,7.9675,7.9675,1114.969347,27.225,0.6635,2.07625,0.081293,0,0,0,-11.114343,-11.137587,-11.137587,0.850103,0.609222,16.06567,1.456366,93.109152,0.51628,19.2575,-7.7575,-7.804378,0.046878,-15.912902,-7.588708,0,
7/20/2025 2:00,Summer,30.11,7.95,7.95,1156.835008,27.5,0.722,2.068,0.065678,0,0,0,-11.040833,-11.091823,-11.091823,0.819996,0.589922,16.501421,1.516994,93.019001,0.494089,19.25,-7.78,-7.773709,-0.006291,-15.944014,-7.603327,0,-1.403883611
7/20/2025 3:00,Summer,29.9525,7.91,7.91,1267.283727,27.775,0.76075,2.0675,0.028702,0,0,0,-10.976345,-11.046247,-11.046247,0.803825,0.580527,18.689096,1.66838,93.166262,0.450166,19.3075,-7.82,-7.80865,-0.01135,-15.98209,-7.624953,0,
7/20/2025 4:00,Summer,29.795,7.87,7.87,1387.895216,28.05,0.7995,2.067,-0.008462,0,0,0,-10.911858,-11.000858,-11.000858,0.787653,0.571052,21.016846,1.834387,93.287467,0.410024,19.365,-7.86,-7.833042,-0.026958,-16.018527,-7.644909,0,
7/20/2025 5:00,Summer,29.6375,7.83,7.83,1519.547266,28.325,0.83825,2.0665,-0.045816,0,0,0,-10.84737,-10.955656,-10.955656,0.771482,0.561495,23.491424,2.016349,93.381256,0.373343,19.4225,-7.9,-7.850881,-0.049119,-16.053168,-7.663037,0,
7/20/2025 6:00,Summer,29.48,7.79,7.79,1663.182337,28.6,0.877,2.066,-0.083363,0.028488,0,0.030057,-10.782883,-10.910639,-10.880582,0.755311,0.551855,26.119461,2.21571,93.446088,0.339829,19.48,-7.94,-7.8682,-0.0718,-16.085845,-7.679168,1,-2.550370145
7/20/2025 7:00,Summer,29.73,7.88,7.88,1358.506044,27.75,1.00525,2.0685,-0.002928,33.01235,4.596432,13.450003,-10.909931,-10.98218,2.467822,0.823892,0.598279,21.348476,1.798476,93.529125,0.42013,19.405,-7.8,-8.635566,0.835566,-15.970498,-7.589536,1,
7/20/2025 8:00,Summer,29.98,7.97,7.97,1108.093889,26.9,1.1335,2.071,0.076377,118.232218,9.192865,18.881734,-11.036979,-11.054191,7.827543,0.892473,0.644115,16.820111,1.457808,93.479293,0.518628,19.33,-7.66,-8.285033,0.625033,-15.846387,-7.491028,1,
7/20/2025 9:00,Summer,30.23,8.06,8.06,902.697318,26.05,1.26175,2.0735,0.154545,213.294736,13.789297,20.62922,-11.164027,-11.126673,9.502547,0.961055,0.68937,12.592386,1.180205,93.309524,0.639355,19.255,-7.52,-7.795189,0.275189,-15.715128,-7.385272,1,
7/20/2025 10:00,Summer,30.48,8.15,8.15,734.505348,25.2,1.39,2.076,0.231538,299.320301,18.38573,21.617705,-11.291075,-11.199631,10.418074,1.029636,0.73405,8.693074,0.95436,93.028697,0.787201,19.18,-7.38,-7.373424,-0.006576,-15.578086,-7.273648,1,-0.783535822
7/20/2025 11:00,Summer,31.165,8.375,8.375,424.332288,24.75,1.40225,2.07575,0.437557,366.175621,21.169567,23.217393,-11.431764,-11.401996,11.815397,1.032373,0.723771,0.000335,0.542107,89.223229,1.280535,18.465,-7.215,-6.810143,-0.404857,-15.394958,-7.161582,1,
7/20/2025 12:00,Summer,31.85,8.6,8.6,242.714746,24.3,1.4145,2.0755,0.636876,407.531401,23.953405,24.780546,-11.572452,-11.608017,13.172529,1.035111,0.713698,-4.94622,0.304941,84.721901,2.061906,17.75,-7.05,-6.38623,-0.66377,-15.196483,-7.033739,1,
7/20/2025 13:00,Summer,32.535,8.825,8.825,137.046079,23.85,1.42675,2.07525,0.827063,419.814987,26.737242,26.345999,-11.713141,-11.817761,14.528238,1.037848,0.703866,-7.7157,0.169357,79.414523,3.277419,17.035,-6.885,-6.145986,-0.739014,-14.992322,-6.899862,1,
7/20/2025 14:00,Summer,33.22,9.05,9.05,75.98799,23.4,1.439,2.075,1.00451,401.997295,29.52108,27.915741,-11.853829,-12.031295,15.884446,1.040585,0.694321,-9.228131,0.092379,73.106541,5.117525,16.32,-6.72,-6.145961,-0.574039,-14.789674,-6.767213,1,1.547209933
7/20/2025 15:00,Summer,33.01,8.975,8.975,92.364664,23.075,1.376,2.0765,0.937106,355.561185,26.505359,27.239291,-11.851622,-11.965425,15.273866,1.031587,0.691743,-8.761795,0.112851,75.007658,4.4012,16.475,-6.7925,-6.887483,0.094983,-14.871814,-6.828088,1,
7/20/2025 16:00,Summer,32.8,8.9,8.9,111.981107,22.75,1.313,2.078,0.867857,284.553208,23.489638,26.39301,-11.849414,-11.899916,14.493094,1.022589,0.68914,-8.213166,0.137507,76.760962,3.775618,16.63,-6.865,-7.13197,0.26697,-14.954647,-6.889635,1,
7/20/2025 17:00,Summer,32.59,8.825,8.825,135.455653,22.425,1.25,2.0795,0.796944,195.876113,20.473918,25.164711,-11.847206,-11.834765,13.329946,1.013591,0.68651,-7.567047,0.167172,78.37807,3.231768,16.785,-6.9375,-7.253468,0.315968,-15.037952,-6.951631,1,
7/20/2025 18:00,Summer,32.38,8.75,8.75,163.524579,22.1,1.187,2.081,0.724538,100.693733,17.458197,22.717432,-11.844999,-11.769971,10.947461,1.004593,0.683852,-6.805439,0.202836,79.870561,2.760844,16.94,-7.01,-7.535944,0.525944,-15.12149,-7.013835,1,1.00167807
