"datetime","GPP","R","NEP"
2009-07-02 00:10:00,-2.4280111022165e-05,-0.253310597474786,-0.253334877585808
2009-07-02 00:20:00,-2.4280111022165e-05,-0.253310597474786,-0.253334877585808
2009-07-02 00:30:00,0,-0.253310597474786,-0.253310597474786
2009-07-02 00:40:00,-2.4280111022165e-05,-0.253310597474786,-0.253334877585808
2009-07-02 00:50:00,-2.4280111022165e-05,-0.253023257859746,-0.253047537970768
2009-07-02 01:00:00,-2.4280111022165e-05,-0.253310597474786,-0.253334877585808
2009-07-02 01:10:00,-2.4280111022165e-05,-0.253310597474786,-0.253334877585808
2009-07-02 01:20:00,-2.4280111022165e-05,-0.253310597474786,-0.253334877585808
2009-07-02 01:30:00,-2.4280111022165e-05,-0.253310597474786,-0.253334877585808
2009-07-02 01:40:00,-2.4280111022165e-05,-0.253023257859746,-0.253047537970768
2009-07-02 01:50:00,0,-0.253023257859746,-0.253023257859746
2009-07-02 02:00:00,0,-0.253023257859746,-0.253023257859746
2009-07-02 02:10:00,-4.85639574460257e-05,-0.253023257859746,-0.253071821817192
2009-07-02 02:20:00,0,-0.253023257859746,-0.253023257859746
2009-07-02 02:30:00,-2.4280111022165e-05,-0.253023257859746,-0.253047537970768
2009-07-02 02:40:00,0,-0.253023257859746,-0.253023257859746
2009-07-02 02:50:00,-2.4280111022165e-05,-0.253023257859746,-0.253047537970768
2009-07-02 03:00:00,0,-0.252686827649444,-0.252686827649444
2009-07-02 03:10:00,-4.856022204433e-05,-0.253023257859746,-0.25307181808179
2009-07-02 03:20:00,-4.856022204433e-05,-0.253023257859746,-0.25307181808179
2009-07-02 03:30:00,0,-0.253023257859746,-0.253023257859746
2009-07-02 03:40:00,0,-0.253023257859746,-0.253023257859746
2009-07-02 03:50:00,0,-0.252686827649444,-0.252686827649444
2009-07-02 04:00:00,4.856022204433e-05,-0.252686827649444,-0.2526382674274
2009-07-02 04:10:00,0.000242808581025041,-0.252686827649444,-0.252444019068419
2009-07-02 04:20:00,0.00072840333066495,-0.252686827649444,-0.251958424318779
2009-07-02 04:30:00,0.00157824457045768,-0.252686827649444,-0.251108583078986
2009-07-02 04:40:00,0.00301080847478237,-0.252686827649444,-0.249676019174662
2009-07-02 04:50:00,0.00361784860435346,-0.252686827649444,-0.249068979045091
2009-07-02 05:00:00,0.00563335929731185,-0.252397422553717,-0.246764063256405
2009-07-02 05:10:00,0.00813458427276442,-0.252686827649444,-0.24455224337668
2009-07-02 05:20:00,0.0107321826119665,-0.252397422553717,-0.24166523994175
2009-07-02 05:30:00,0.013451555046449,-0.252397422553717,-0.238945867507268
2009-07-02 05:40:00,0.0178216014902691,-0.252397422553717,-0.234575821063448
2009-07-02 05:50:00,0.0218042867782433,-0.252397422553717,-0.230593135775473
2009-07-02 06:00:00,0.0253002492252655,-0.252397422553717,-0.227097173328451
2009-07-02 06:10:00,0.0399426503323093,-0.252397422553717,-0.212454772221407
2009-07-02 06:20:00,0.0482725961137597,-0.252397422553717,-0.204124826439957
2009-07-02 06:30:00,0.0716300629170824,-0.252397422553717,-0.180767359636634
2009-07-02 06:40:00,0.0618918706963464,-0.252397422553717,-0.19050555185737
2009-07-02 06:50:00,0.0617200422183434,-0.252397422553717,-0.190677380335373
2009-07-02 07:00:00,0.0773825815284877,-0.252397422553717,-0.175014841025229
2009-07-02 07:10:00,0.0588325767075536,-0.252397422553717,-0.193564845846163
2009-07-02 07:20:00,0.0681785517502393,-0.252397422553717,-0.184218870803477
2009-07-02 07:30:00,0.0865380510846917,-0.252107054110541,-0.165569003025849
2009-07-02 07:40:00,0.0992832416704805,-0.252107054110541,-0.15282381244006
2009-07-02 07:50:00,0.0924810751825786,-0.252397422553717,-0.159916347371138
2009-07-02 08:00:00,0.0938370259981241,-0.252397422553717,-0.158560396555593
2009-07-02 08:10:00,0.118326319515249,-0.252107054110541,-0.133780734595292
2009-07-02 08:20:00,0.0992421522518276,-0.252107054110541,-0.152864901858713
2009-07-02 08:30:00,0.0977629331803234,-0.252107054110541,-0.154344120930217
2009-07-02 08:40:00,0.120944836103947,-0.252107054110541,-0.131162218006593
2009-07-02 08:50:00,0.146192416165303,-0.252107054110541,-0.105914637945238
2009-07-02 09:00:00,0.203721337681051,-0.252397422553717,-0.0486760848726653
2009-07-02 09:10:00,0.178847297789267,-0.252397422553717,-0.0735501247644493
2009-07-02 09:20:00,0.18071126323543,-0.252397422553717,-0.0716861593182862
2009-07-02 09:30:00,0.178421461995956,-0.252397422553717,-0.0739759605577612
2009-07-02 09:40:00,0.211793540745497,-0.252397422553717,-0.0406038818082193
2009-07-02 09:50:00,0.221535468367929,-0.252397422553717,-0.0308619541857875
2009-07-02 10:00:00,0.204345149764236,-0.252397422553717,-0.0480522727894804
2009-07-02 10:10:00,0.196523218613403,-0.252397422553717,-0.0558742039403132
2009-07-02 10:20:00,0.195040264140204,-0.252397422553717,-0.0573571584135132
2009-07-02 10:30:00,0.210590741399476,-0.252397422553717,-0.0418066811542404
2009-07-02 10:40:00,0.176154073166655,-0.252397422553717,-0.0762433493870618
2009-07-02 10:50:00,0.175937419868303,-0.252397422553717,-0.0764600026854134
2009-07-02 11:00:00,0.229361134920458,-0.252397422553717,-0.023036287633259
2009-07-02 11:10:00,0.313075222323187,-0.252397422553717,0.0606777997694702
2009-07-02 11:20:00,0.277536610590129,-0.252686827649444,0.0248497829406846
2009-07-02 11:30:00,0.28865690143828,-0.252686827649444,0.0359700737888362
2009-07-02 11:40:00,0.370746089103372,-0.252686827649444,0.118059261453928
2009-07-02 11:50:00,0.33245448632057,-0.252686827649444,0.0797676586711261
2009-07-02 12:00:00,0.326769204939688,-0.252686827649444,0.0740823772902437
2009-07-02 12:10:00,0.340664899247758,-0.253023257859746,0.0876416413880119
2009-07-02 12:20:00,0.320213574963703,-0.253023257859746,0.0671903171039576
2009-07-02 12:30:00,0.301065905871454,-0.253023257859746,0.0480426480117087
2009-07-02 12:40:00,0.371003831820377,-0.253310597474786,0.117693234345591
2009-07-02 12:50:00,0.343634543595853,-0.253310597474786,0.0903239461210678
2009-07-02 13:00:00,0.378284129725331,-0.253310597474786,0.124973532250545
2009-07-02 13:10:00,0.340564043401973,-0.253310597474786,0.0872534459271878
2009-07-02 13:20:00,0.331763437006862,-0.253310597474786,0.0784528395320769
2009-07-02 13:30:00,0.413247489597248,-0.253310597474786,0.159936892122463
2009-07-02 13:40:00,0.343675633014506,-0.253596993702251,0.0900786393122555
2009-07-02 13:50:00,0.316806888617209,-0.253596993702251,0.0632098949149581
2009-07-02 14:00:00,0.722725520087459,-0.253596993702251,0.469128526385208
2009-07-02 14:10:00,0.379143272115346,-0.253882452716497,0.125260819398849
2009-07-02 14:20:00,0.359607121246742,-0.253882452716497,0.105724668530245
2009-07-02 14:30:00,0.255777895712573,-0.253882452716497,0.00189544299607619
2009-07-02 14:40:00,0.151593807017311,-0.253882452716497,-0.102288645699186
2009-07-02 14:50:00,0.149890463844064,-0.253882452716497,-0.103991988872433
2009-07-02 15:00:00,0.135509167315551,-0.253882452716497,-0.118373285400946
2009-07-02 15:10:00,0.152972170243031,-0.253882452716497,-0.100910282473466
2009-07-02 15:20:00,0.131359136031608,-0.253882452716497,-0.122523316684889
2009-07-02 15:30:00,0.112035903059661,-0.253882452716497,-0.141846549656836
2009-07-02 15:40:00,0.106810076087352,-0.253596993702251,-0.146786917614899
2009-07-02 15:50:00,0.095491808949327,-0.253596993702251,-0.158105184752924
2009-07-02 16:00:00,0.102335064855882,-0.253596993702251,-0.151261928846369
2009-07-02 16:10:00,0.0996231632247908,-0.253596993702251,-0.15397383047746
2009-07-02 16:20:00,0.0905760203177626,-0.253882452716497,-0.163306432398734
2009-07-02 16:30:00,0.117097372357358,-0.253882452716497,-0.136785080359139
2009-07-02 16:40:00,0.0802663116375817,-0.253882452716497,-0.173616141078915
2009-07-02 16:50:00,0.0725527071359247,-0.253882452716497,-0.181329745580572
2009-07-02 17:00:00,0.068645476962204,-0.253596993702251,-0.184951516740047
2009-07-02 17:10:00,0.0785928516779002,-0.253596993702251,-0.17500414202435
2009-07-02 17:20:00,0.0829147114398456,-0.253596993702251,-0.170682282262405
2009-07-02 17:30:00,0.168698211382002,-0.253596993702251,-0.0848987823202483
2009-07-02 17:40:00,0.112697069159803,-0.253596993702251,-0.140899924542448
2009-07-02 17:50:00,0.202850989085949,-0.253596993702251,-0.0507460046163015
2009-07-02 18:00:00,0.125808329111772,-0.253596993702251,-0.127788664590479
2009-07-02 18:10:00,0.0858843557879412,-0.253596993702251,-0.16771263791431
2009-07-02 18:20:00,0.0713909972085565,-0.253596993702251,-0.182205996493694
2009-07-02 18:30:00,0.051907141963693,-0.253882452716497,-0.201975310752804
2009-07-02 18:40:00,0.0326388193966725,-0.253596993702251,-0.220958174305578
2009-07-02 18:50:00,0.026039485220848,-0.253596993702251,-0.227557508481403
2009-07-02 19:00:00,0.0209436502275499,-0.253596993702251,-0.232653343474701
2009-07-02 19:10:00,0.0138818733217957,-0.253596993702251,-0.239715120380455
2009-07-02 19:20:00,0.0112853956031023,-0.253596993702251,-0.242311598099148
2009-07-02 19:30:00,0.00558218429408052,-0.253596993702251,-0.24801480940817
2009-07-02 19:40:00,0.00296101557017846,-0.253310597474786,-0.250349581904607
2009-07-02 19:50:00,0.00155329208713029,-0.253310597474786,-0.251757305387655
2009-07-02 20:00:00,0.000631058762474547,-0.253310597474786,-0.252679538712311
2009-07-02 20:10:00,0.000315521910433882,-0.253310597474786,-0.252995075564352
2009-07-02 20:20:00,0.000121355730290476,-0.253310597474786,-0.253189241744495
2009-07-02 20:30:00,2.42726402187736e-05,-0.253310597474786,-0.253286324834567
2009-07-02 20:40:00,-2.42726402187736e-05,-0.253310597474786,-0.253334870115004
2009-07-02 20:50:00,0,-0.253310597474786,-0.253310597474786
2009-07-02 21:00:00,-7.28253914597121e-05,-0.253023257859746,-0.253096083251205
2009-07-02 21:10:00,-4.85527512409386e-05,-0.253310597474786,-0.253359150226026
2009-07-02 21:20:00,-2.42763756204693e-05,-0.253310597474786,-0.253334873850406
2009-07-02 21:30:00,-2.42763756204693e-05,-0.253023257859746,-0.253047534235366
2009-07-02 21:40:00,0,-0.253023257859746,-0.253023257859746
2009-07-02 21:50:00,-2.42763756204693e-05,-0.253023257859746,-0.253047534235366
2009-07-02 22:00:00,-4.85527512409386e-05,-0.253023257859746,-0.253071810610987
2009-07-02 22:10:00,0,-0.253023257859746,-0.253023257859746
2009-07-02 22:20:00,0,-0.253023257859746,-0.253023257859746
2009-07-02 22:30:00,-2.42763756204693e-05,-0.253023257859746,-0.253047534235366
2009-07-02 22:40:00,0,-0.253023257859746,-0.253023257859746
2009-07-02 22:50:00,0,-0.253023257859746,-0.253023257859746
2009-07-02 23:00:00,-2.42763756204693e-05,-0.253023257859746,-0.253047534235366
2009-07-02 23:10:00,0,-0.253023257859746,-0.253023257859746
2009-07-02 23:20:00,-2.42763756204693e-05,-0.253023257859746,-0.253047534235366
2009-07-02 23:30:00,-2.42763756204693e-05,-0.253023257859746,-0.253047534235366
2009-07-02 23:40:00,-2.42763756204693e-05,-0.253023257859746,-0.253047534235366
2009-07-02 23:50:00,2.42763756204693e-05,-0.253023257859746,-0.252998981484125
2009-07-03,0,-0.253023257859746,-0.253023257859746
2009-07-03 00:10:00,-2.42763756204693e-05,-0.253023257859746,-0.253047534235366
2009-07-03 00:20:00,0,-0.253023257859746,-0.253023257859746
2009-07-03 00:30:00,0,-0.253023257859746,-0.253023257859746
2009-07-03 00:40:00,-2.42763756204693e-05,-0.253023257859746,-0.253047534235366
2009-07-03 00:50:00,-2.42763756204693e-05,-0.253023257859746,-0.253047534235366
2009-07-03 01:00:00,-2.42763756204693e-05,-0.253023257859746,-0.253047534235366
2009-07-03 01:10:00,-4.85490158392428e-05,-0.253023257859746,-0.253071806875585
2009-07-03 01:20:00,0,-0.253023257859746,-0.253023257859746
2009-07-03 01:30:00,-4.85527512409386e-05,-0.253023257859746,-0.253071810610987
2009-07-03 01:40:00,-2.42763756204693e-05,-0.253023257859746,-0.253047534235366
2009-07-03 01:50:00,0,-0.253023257859746,-0.253023257859746
2009-07-03 02:00:00,-2.42763756204693e-05,-0.252686827649444,-0.252711104025065
2009-07-03 02:10:00,0,-0.253023257859746,-0.253023257859746
2009-07-03 02:20:00,-4.85527512409386e-05,-0.253023257859746,-0.253071810610987
2009-07-03 02:30:00,-2.42763756204693e-05,-0.252686827649444,-0.252711104025065
2009-07-03 02:40:00,-2.42763756204693e-05,-0.253023257859746,-0.253047534235366
2009-07-03 02:50:00,0,-0.253023257859746,-0.253023257859746
2009-07-03 03:00:00,0,-0.252686827649444,-0.252686827649444
2009-07-03 03:10:00,0,-0.252686827649444,-0.252686827649444
2009-07-03 03:20:00,-2.42763756204693e-05,-0.252686827649444,-0.252711104025065
2009-07-03 03:30:00,-2.42763756204693e-05,-0.252686827649444,-0.252711104025065
2009-07-03 03:40:00,-2.42763756204693e-05,-0.252686827649444,-0.252711104025065
2009-07-03 03:50:00,2.42763756204693e-05,-0.252686827649444,-0.252662551273824
2009-07-03 04:00:00,0.00019421474036545,-0.252686827649444,-0.252492612909079
2009-07-03 04:10:00,0.000946812267813563,-0.252686827649444,-0.251740015381631
2009-07-03 04:20:00,0.00269494290739249,-0.252686827649444,-0.249991884742052
2009-07-03 04:30:00,0.00621533488150467,-0.252686827649444,-0.24647149276794
2009-07-03 04:40:00,0.0115087726245062,-0.252686827649444,-0.241178055024938
2009-07-03 04:50:00,0.017068918048582,-0.252686827649444,-0.235617909600862
2009-07-03 05:00:00,0.0365901273104026,-0.252397422553717,-0.215807295243314
2009-07-03 05:10:00,0.0507454320363248,-0.252397422553717,-0.201651990517392
2009-07-03 05:20:00,0.0663369987142505,-0.252397422553717,-0.186060423839466
2009-07-03 05:30:00,0.0841100399824753,-0.252397422553717,-0.168287382571241
2009-07-03 05:40:00,0.102607749179669,-0.252397422553717,-0.149789673374047
2009-07-03 05:50:00,0.124101250536829,-0.252397422553717,-0.128296172016888
2009-07-03 06:00:00,0.143368452483341,-0.252397422553717,-0.109028970070376
2009-07-03 06:10:00,0.164873160045587,-0.252107054110541,-0.0872338940649534
2009-07-03 06:20:00,0.189239185306754,-0.252107054110541,-0.0628678688037869
2009-07-03 06:30:00,0.2114424129861,-0.252397422553717,-0.0409550095676168
2009-07-03 06:40:00,0.235165949155603,-0.252397422553717,-0.0172314733981137
2009-07-03 06:50:00,0.255464121970133,-0.252397422553717,0.00306669941641624
2009-07-03 07:00:00,0.279613493932948,-0.252397422553717,0.0272160713792311
2009-07-03 07:10:00,0.30697531135408,-0.252397422553717,0.0545778888003631
2009-07-03 07:20:00,0.325678467644538,-0.252686827649444,0.0729916399950942
2009-07-03 07:30:00,0.349805427197179,-0.252686827649444,0.0971185995477348
2009-07-03 07:40:00,0.363686179898466,-0.252686827649444,0.110999352249022
2009-07-03 07:50:00,0.378732377928817,-0.252686827649444,0.126045550279372
2009-07-03 08:00:00,0.428712052617519,-0.253023257859746,0.175688794757774
2009-07-03 08:10:00,0.437228768483756,-0.253023257859746,0.18420551062401
2009-07-03 08:20:00,0.471743880152187,-0.253023257859746,0.218720622292442
2009-07-03 08:30:00,0.467298752134283,-0.253023257859746,0.214275494274537
2009-07-03 08:40:00,0.500058225005727,-0.253310597474786,0.246747627530942
2009-07-03 08:50:00,0.606517173333681,-0.253310597474786,0.353206575858896
2009-07-03 09:00:00,0.115046636826409,-0.253310597474786,-0.138263960648376
2009-07-03 09:10:00,0.204998845060987,-0.253596993702251,-0.0485981486412638
2009-07-03 09:20:00,0.645253288918274,-0.253596993702251,0.391656295216023
2009-07-03 09:30:00,0.644543562596088,-0.253882452716497,0.390661109879591
2009-07-03 09:40:00,0.191125563163091,-0.253882452716497,-0.0627568895534056
2009-07-03 09:50:00,0.155471153977466,-0.253882452716497,-0.098411298739031
2009-07-03 10:00:00,0.701881978625354,-0.253882452716497,0.447999525908857
2009-07-03 10:10:00,0.237862909179911,-0.254214311853056,-0.0163514026731453
2009-07-03 10:20:00,0.133611583254126,-0.254214311853056,-0.12060272859893
2009-07-03 10:30:00,0.146995527529883,-0.254214311853056,-0.107218784323174
2009-07-03 10:40:00,0.261862865074897,-0.254214311853056,0.00764855322184088
2009-07-03 10:50:00,0.144231330275052,-0.254214311853056,-0.109982981578005
2009-07-03 11:00:00,0.72814185254625,-0.254214311853056,0.473927540693193
2009-07-03 11:10:00,0.24105667762975,-0.254497761133353,-0.0134410835036029
2009-07-03 11:20:00,0.710286632440719,-0.254497761133353,0.455788871307366
2009-07-03 11:30:00,0.239454190302287,-0.254497761133353,-0.0150435708310658
2009-07-03 11:40:00,0.787385323440332,-0.255061911453812,0.53232341198652
2009-07-03 11:50:00,0.814616401802114,-0.255061911453812,0.559554490348302
2009-07-03 12:00:00,0.230941209837746,-0.255389322065961,-0.0244481122282146
2009-07-03 12:10:00,0.738974517463831,-0.255389322065961,0.48358519539787
2009-07-03 12:20:00,0.256308322753365,-0.255389322065961,0.000919000687404248
2009-07-03 12:30:00,0.286269979754717,-0.255668984948058,0.0306009948066583
2009-07-03 12:40:00,0.79429581657741,-0.255668984948058,0.538626831629351
2009-07-03 12:50:00,0.819808610159162,-0.256225635213013,0.563582974946148
2009-07-03 13:00:00,0.211117433038572,-0.255947754099049,-0.0448303210604766
2009-07-03 13:10:00,0.16410366729627,-0.256225635213013,-0.0921219679167437
2009-07-03 13:20:00,0.721268713426129,-0.255947754099049,0.46532095932708
2009-07-03 13:30:00,0.731877254241967,-0.256225635213013,0.475651619028954
2009-07-03 13:40:00,0.392329240101229,-0.256548714986991,0.135780525114238
2009-07-03 13:50:00,0.181727292496666,-0.256548714986991,-0.0748214224903256
2009-07-03 14:00:00,0.349129319490254,-0.256548714986991,0.0925806045032627
2009-07-03 14:10:00,0.15192625776823,-0.256548714986991,-0.104622457218761
2009-07-03 14:20:00,0.645664183104803,-0.256548714986991,0.389115468117812
2009-07-03 14:30:00,0.616528049878205,-0.256824691297091,0.359703358581114
2009-07-03 14:40:00,0.72205314778223,-0.25769290032162,0.464360247460609
2009-07-03 14:50:00,0.186549696085837,-0.258010601023894,-0.0714609049380563
2009-07-03 15:00:00,0.169654474216106,-0.25769290032162,-0.0880384261055144
2009-07-03 15:10:00,0.660643143904631,-0.25769290032162,0.40295024358301
2009-07-03 15:20:00,0.114945780980625,-0.257099797246818,-0.142154016266193
2009-07-03 15:30:00,0.536702515640718,-0.256824691297091,0.279877824343627
2009-07-03 15:40:00,0.514327459483369,-0.256548714986991,0.257778744496378
2009-07-03 15:50:00,0.465804591455996,-0.256824691297091,0.208979900158905
2009-07-03 16:00:00,0.469801471270414,-0.256824691297091,0.212976779973323
2009-07-03 16:10:00,0.424266924599615,-0.256824691297091,0.167442233302524
2009-07-03 16:20:00,0.337784904540359,-0.256824691297091,0.0809602132432682
2009-07-03 16:30:00,0.215663416902261,-0.256824691297091,-0.0411612743948303
2009-07-03 16:40:00,0.308256554135711,-0.256824691297091,0.0514318628386198
2009-07-03 16:50:00,0.31996330305009,-0.256548714986991,0.063414588063099
2009-07-03 17:00:00,0.228610319179618,-0.256548714986991,-0.0279383958073729
2009-07-03 17:10:00,0.228102304549001,-0.256824691297091,-0.0287223867480904
2009-07-03 17:20:00,0.211591829053929,-0.256824691297091,-0.0452328622431626
2009-07-03 17:30:00,0.194166180143406,-0.257099797246818,-0.0629336171034124
2009-07-03 17:40:00,0.183251336388518,-0.257099797246818,-0.0738484608582995
2009-07-03 17:50:00,0.18383405905305,-0.257374038308716,-0.0735399792556652
2009-07-03 18:00:00,0.142991176912073,-0.257374038308716,-0.114382861396642
2009-07-03 18:10:00,0.124732533423405,-0.257374038308716,-0.132641504885311
2009-07-03 18:20:00,0.0759593934824192,-0.257099797246818,-0.181140403764399
2009-07-03 18:30:00,0.0896645823040075,-0.257099797246818,-0.167435214942811
2009-07-03 18:40:00,0.0944160132609604,-0.256824691297091,-0.162408678036131
2009-07-03 18:50:00,0.0356768215957997,-0.256824691297091,-0.221147869701292
2009-07-03 19:00:00,0.0317718326630964,-0.256824691297091,-0.225052858633995
2009-07-03 19:10:00,0.0310449234931097,-0.257099797246818,-0.226054873753708
2009-07-03 19:20:00,0.0279408046839683,-0.257099797246818,-0.22915899256285
2009-07-03 19:30:00,0.0190154358722205,-0.257099797246818,-0.238084361374597
2009-07-03 19:40:00,0.0140451103758985,-0.25769290032162,-0.243647789945722
2009-07-03 19:50:00,0.00807892678749822,-0.258552553205172,-0.250473626417673
2009-07-03 20:00:00,0.00356648683103734,-0.25828199799446,-0.254715511163422
2009-07-03 20:10:00,0.00140727523484468,-0.258010601023894,-0.256603325789049
2009-07-03 20:20:00,0.000485303388307642,-0.258552553205172,-0.258067249816864
2009-07-03 20:30:00,7.27955082461464e-05,-0.258552553205172,-0.258479757696925
2009-07-03 20:40:00,0,-0.258552553205172,-0.258552553205172
2009-07-03 20:50:00,-4.853407423246e-05,-0.25828199799446,-0.258330532068692
2009-07-03 21:00:00,-2.42689048170778e-05,-0.25828199799446,-0.258306266899277
2009-07-03 21:10:00,-2.42689048170778e-05,-0.25828199799446,-0.258306266899277
2009-07-03 21:20:00,-2.42726402187736e-05,-0.25828199799446,-0.258306270634679
2009-07-03 21:30:00,-2.42726402187736e-05,-0.258010601023894,-0.258034873664112
2009-07-03 21:40:00,-2.42726402187736e-05,-0.25769290032162,-0.257717172961839
2009-07-03 21:50:00,-2.42763756204693e-05,-0.25769290032162,-0.257717176697241
2009-07-03 22:00:00,-2.42763756204693e-05,-0.25769290032162,-0.257717176697241
2009-07-03 22:10:00,-4.85527512409386e-05,-0.257374038308716,-0.257422591059957
2009-07-03 22:20:00,-2.42763756204693e-05,-0.25769290032162,-0.257717176697241
2009-07-03 22:30:00,-2.42763756204693e-05,-0.25769290032162,-0.257717176697241
2009-07-03 22:40:00,-4.85527512409386e-05,-0.258010601023894,-0.258059153775134
2009-07-03 22:50:00,-4.85527512409386e-05,-0.25769290032162,-0.257741453072861
2009-07-03 23:00:00,-4.85564866426343e-05,-0.25769290032162,-0.257741456808263
2009-07-03 23:10:00,-2.4280111022165e-05,-0.25769290032162,-0.257717180432643
2009-07-03 23:20:00,0,-0.257374038308716,-0.257374038308716
2009-07-03 23:30:00,0,-0.257374038308716,-0.257374038308716
2009-07-03 23:40:00,0,-0.257374038308716,-0.257374038308716
2009-07-03 23:50:00,-2.4280111022165e-05,-0.257099797246818,-0.25712407735784
2009-07-04,-4.856022204433e-05,-0.257099797246818,-0.257148357468862
2009-07-04 00:10:00,-2.4280111022165e-05,-0.257099797246818,-0.25712407735784
2009-07-04 00:20:00,-2.4280111022165e-05,-0.257099797246818,-0.25712407735784
2009-07-04 00:30:00,-2.4280111022165e-05,-0.256824691297091,-0.256848971408113
2009-07-04 00:40:00,-2.4280111022165e-05,-0.256824691297091,-0.256848971408113
2009-07-04 00:50:00,0,-0.256824691297091,-0.256824691297091
2009-07-04 01:00:00,-2.4280111022165e-05,-0.256824691297091,-0.256848971408113
2009-07-04 01:10:00,-2.4280111022165e-05,-0.256548714986991,-0.256572995098013
2009-07-04 01:20:00,-2.4280111022165e-05,-0.256548714986991,-0.256572995098013
2009-07-04 01:30:00,-4.856022204433e-05,-0.256548714986991,-0.256597275209036
2009-07-04 01:40:00,-4.856022204433e-05,-0.256548714986991,-0.256597275209036
2009-07-04 01:50:00,0,-0.256225635213013,-0.256225635213013
2009-07-04 02:00:00,-2.4280111022165e-05,-0.256548714986991,-0.256572995098013
2009-07-04 02:10:00,-2.4280111022165e-05,-0.256225635213013,-0.256249915324035
2009-07-04 02:20:00,-2.4280111022165e-05,-0.256225635213013,-0.256249915324035
2009-07-04 02:30:00,0,-0.256225635213013,-0.256225635213013
2009-07-04 02:40:00,0,-0.256225635213013,-0.256225635213013
2009-07-04 02:50:00,-2.4280111022165e-05,-0.256225635213013,-0.256249915324035
2009-07-04 03:00:00,0,-0.255947754099049,-0.255947754099049
2009-07-04 03:10:00,-2.4280111022165e-05,-0.255947754099049,-0.255972034210071
2009-07-04 03:20:00,0,-0.255947754099049,-0.255947754099049
2009-07-04 03:30:00,-2.4280111022165e-05,-0.255668984948058,-0.255693265059081
2009-07-04 03:40:00,-4.85639574460257e-05,-0.255668984948058,-0.255717548905504
2009-07-04 03:50:00,0,-0.255668984948058,-0.255668984948058
2009-07-04 04:00:00,0.000218535940806268,-0.255668984948058,-0.255450449007252
2009-07-04 04:10:00,0.000971279148920514,-0.255668984948058,-0.254697705799138
2009-07-04 04:20:00,0.00279247424566767,-0.255668984948058,-0.252876510702391
2009-07-04 04:30:00,0.00665349750041235,-0.255389322065961,-0.248735824565548
2009-07-04 04:40:00,0.0120683357985247,-0.255389322065961,-0.243320986267436
2009-07-04 04:50:00,0.0187214597587675,-0.255389322065961,-0.236667862307193
2009-07-04 05:00:00,0.0382953381844978,-0.255389322065961,-0.217093983881463
2009-07-04 05:10:00,0.0549066695253543,-0.255389322065961,-0.200482652540606
2009-07-04 05:20:00,0.0738227437124687,-0.255389322065961,-0.181566578353492
2009-07-04 05:30:00,0.0920328269790925,-0.255389322065961,-0.163356495086868
2009-07-04 05:40:00,0.110538006979678,-0.255389322065961,-0.144851315086283
2009-07-04 05:50:00,0.137485194812585,-0.255389322065961,-0.117904127253375
2009-07-04 06:00:00,0.160140406097113,-0.255389322065961,-0.0952489159688477
2009-07-04 06:10:00,0.171014160433347,-0.255389322065961,-0.0843751616326135
2009-07-04 06:20:00,0.189638873288196,-0.255389322065961,-0.0657504487777651
2009-07-04 06:30:00,0.214897659554639,-0.255389322065961,-0.0404916625113221
2009-07-04 06:40:00,0.236211861630404,-0.255389322065961,-0.0191774604355569
2009-07-04 06:50:00,0.272971949717962,-0.255389322065961,0.0175826276520009
2009-07-04 07:00:00,0.299149644801551,-0.255389322065961,0.0437603227355904
2009-07-04 07:10:00,0.254283735034286,-0.255389322065961,-0.00110558703167474
2009-07-04 07:20:00,0.324886562485046,-0.255389322065961,0.0694972404190854
2009-07-04 07:30:00,0.252998756850959,-0.255668984948058,-0.00267022809709921
2009-07-04 07:40:00,0.313833508867418,-0.255668984948058,0.0581645239193592
2009-07-04 07:50:00,0.390947141473813,-0.255668984948058,0.135278156525755
2009-07-04 08:00:00,0.333384601342804,-0.255947754099049,0.0774368472437549
2009-07-04 08:10:00,0.433157180635423,-0.255668984948058,0.177488195687365
2009-07-04 08:20:00,0.450489444503554,-0.255947754099049,0.194541690404504
2009-07-04 08:30:00,0.478953205424922,-0.256225635213013,0.222727570211909
2009-07-04 08:40:00,0.479924409865809,-0.256548714986991,0.223375694878818
2009-07-04 08:50:00,0.493857458190836,-0.256548714986991,0.237308743203845
2009-07-04 09:00:00,0.510367933685908,-0.256824691297091,0.253543242388817
2009-07-04 09:10:00,0.542193556133423,-0.257099797246818,0.285093758886605
2009-07-04 09:20:00,0.531958555487156,-0.257099797246818,0.274858758240338
2009-07-04 09:30:00,0.548879925168758,-0.257099797246818,0.29178012792194
2009-07-04 09:40:00,0.562402079307255,-0.257099797246818,0.305302282060438
2009-07-04 09:50:00,0.592061168771254,-0.257099797246818,0.334961371524436
2009-07-04 10:00:00,0.610588761182014,-0.257374038308716,0.353214722873298
2009-07-04 10:10:00,0.601138194891848,-0.257374038308716,0.343764156583132
2009-07-04 10:20:00,0.629116353592774,-0.257374038308716,0.371742315284058
2009-07-04 10:30:00,0.659410461345044,-0.25769290032162,0.401717561023423
2009-07-04 10:40:00,0.696988602403964,-0.25769290032162,0.439295702082344
2009-07-04 10:50:00,0.763927000791225,-0.258010601023894,0.505916399767331
2009-07-04 11:00:00,0.258015401328308,-0.25828199799446,-0.000266596666151697
2009-07-04 11:10:00,0.767737110520857,-0.25828199799446,0.509455112526397
2009-07-04 11:20:00,0.174779445342631,-0.25828199799446,-0.083502552651829
2009-07-04 11:30:00,0.199298622073322,-0.258010601023894,-0.0587119789505719
2009-07-04 11:40:00,0.762656964214681,-0.258010601023894,0.504646363190787
2009-07-04 11:50:00,0.18664308112823,-0.25828199799446,-0.0716389168662296
2009-07-04 12:00:00,0.426993767837489,-0.258552553205172,0.168441214632318
2009-07-04 12:10:00,0.737853896955115,-0.258552553205172,0.479301343749944
2009-07-04 12:20:00,0.732288148428496,-0.258552553205172,0.473735595223325
2009-07-04 12:30:00,0.736845338497272,-0.259135893193022,0.47770944530425
2009-07-04 12:40:00,0.229895297362945,-0.259670920309117,-0.0297756229461716
2009-07-04 12:50:00,0.792241345644765,-0.259670920309117,0.532570425335648
2009-07-04 13:00:00,0.182108303469629,-0.260246853691416,-0.0781385502217872
2009-07-04 13:10:00,0.757800942010248,-0.259981510705808,0.49781943130444
2009-07-04 13:20:00,0.169445291721146,-0.258867144001987,-0.0894218522808415
2009-07-04 13:30:00,0.151466803359657,-0.259403816943726,-0.107937013584069
2009-07-04 13:40:00,0.694710007369576,-0.259981510705808,0.434728496663768
2009-07-04 13:50:00,0.676892141281003,-0.260246853691416,0.416645287589587
2009-07-04 14:00:00,0.196407421160836,-0.260246853691416,-0.0638394325305799
2009-07-04 14:10:00,0.693253200708246,-0.260775130486954,0.432478070221293
2009-07-04 14:20:00,0.699043073336609,-0.260775130486954,0.438267942849655
2009-07-04 14:30:00,0.460873861217649,-0.261081820945917,0.199792040271732
2009-07-04 14:40:00,0.165713625427124,-0.260775130486954,-0.0950615050598297
2009-07-04 14:50:00,0.629676663847131,-0.261081820945917,0.368594842901214
2009-07-04 15:00:00,0.602221461383606,-0.261081820945917,0.341139640437689
2009-07-04 15:10:00,0.604649472485823,-0.261343842988006,0.343305629497816
2009-07-04 15:20:00,0.578053412412313,-0.261343842988006,0.316709569424306
2009-07-04 15:30:00,0.535768665216788,-0.261605080336007,0.274163584880781
2009-07-04 15:40:00,0.512609174703339,-0.262685225876283,0.249923948827056
2009-07-04 15:50:00,0.480410012086252,-0.262942482703459,0.217467529382794
2009-07-04 16:00:00,0.457661415759332,-0.262427208120731,0.195234207638601
2009-07-04 16:10:00,0.460948569251563,-0.262168424922014,0.198780144329549
2009-07-04 16:20:00,0.441898020603403,-0.262168424922014,0.179729595681389
2009-07-04 16:30:00,0.106051789543121,-0.261865537675837,-0.155813748132716
2009-07-04 16:40:00,0.376752615030086,-0.262168424922014,0.114584190108072
2009-07-04 16:50:00,0.342794078214317,-0.261865537675837,0.0809285405384802
2009-07-04 17:00:00,0.128359608469947,-0.261605080336007,-0.13324547186606
2009-07-04 17:10:00,0.283550607320234,-0.261343842988006,0.0222067643322278
2009-07-04 17:20:00,0.261388469059541,-0.261081820945917,0.000306648113623964
2009-07-04 17:30:00,0.236025091545618,-0.261081820945917,-0.0250567294002992
2009-07-04 17:40:00,0.206664834217277,-0.260775130486954,-0.0541102962696766
2009-07-04 17:50:00,0.176127925354785,-0.260775130486954,-0.0846472051321688
2009-07-04 18:00:00,0.167166696686758,-0.26051139199653,-0.0933446953097718
2009-07-04 18:10:00,0.150880345293429,-0.26051139199653,-0.109631046703101
2009-07-04 18:20:00,0.130227309317806,-0.260246853691416,-0.13001954437361
2009-07-04 18:30:00,0.113739246232908,-0.259981510705808,-0.1462422644729
2009-07-04 18:40:00,0.0949202924898822,-0.259981510705808,-0.165061218215926
2009-07-04 18:50:00,0.0786264702931617,-0.259981510705808,-0.181355040412646
2009-07-04 19:00:00,0.0611410549555072,-0.259670920309117,-0.19852986535361
2009-07-04 19:10:00,0.0417879387699938,-0.259670920309117,-0.217882981539123
2009-07-04 19:20:00,0.0275519493674441,-0.259403816943726,-0.231851867576281
2009-07-04 19:30:00,0.0197423450422071,-0.259403816943726,-0.239661471901518
2009-07-04 19:40:00,0.0141885498010141,-0.259403816943726,-0.245215267142712
2009-07-04 19:50:00,0.00897430257396175,-0.259135893193022,-0.25016159061906
2009-07-04 20:00:00,0.00453627181927956,-0.259403816943726,-0.254867545124446
2009-07-04 20:10:00,0.00172258049198021,-0.261081820945917,-0.259359240453937
2009-07-04 20:20:00,0.000436743166263312,-0.262168424922014,-0.261731681755751
2009-07-04 20:30:00,7.27917728444506e-05,-0.263241659907455,-0.26316886813461
2009-07-04 20:40:00,0,-0.263497283355605,-0.263497283355605
2009-07-04 20:50:00,-2.42651694153821e-05,-0.263497283355605,-0.263521548525021
2009-07-04 21:00:00,-2.42689048170778e-05,-0.263497283355605,-0.263521552260422
2009-07-04 21:10:00,-4.85415450358514e-05,-0.263497283355605,-0.263545824900641
2009-07-04 21:20:00,-2.42726402187736e-05,-0.263241659907455,-0.263265932547674
2009-07-04 21:30:00,-4.85452804375471e-05,-0.263241659907455,-0.263290205187892
2009-07-04 21:40:00,-4.85490158392428e-05,-0.263241659907455,-0.263290208923294
2009-07-04 21:50:00,-2.42763756204693e-05,-0.262942482703459,-0.262966759079079
2009-07-04 22:00:00,-2.42763756204693e-05,-0.262685225876283,-0.262709502251903
2009-07-04 22:10:00,-2.4280111022165e-05,-0.262685225876283,-0.262709505987305
2009-07-04 22:20:00,-4.856022204433e-05,-0.262427208120731,-0.262475768342775
2009-07-04 22:30:00,-2.4280111022165e-05,-0.262168424922014,-0.262192705033036
2009-07-04 22:40:00,-2.4280111022165e-05,-0.262168424922014,-0.262192705033036
2009-07-04 22:50:00,-4.85639574460257e-05,-0.262168424922014,-0.26221698887946
2009-07-04 23:00:00,-2.4280111022165e-05,-0.261605080336007,-0.261629360447029
2009-07-04 23:10:00,-2.4280111022165e-05,-0.261605080336007,-0.261629360447029
2009-07-04 23:20:00,-4.85639574460257e-05,-0.261343842988006,-0.261392406945452
2009-07-04 23:30:00,-2.42838464238607e-05,-0.261081820945917,-0.261106104792341
2009-07-04 23:40:00,-2.42838464238607e-05,-0.261081820945917,-0.261106104792341
2009-07-04 23:50:00,-2.4280111022165e-05,-0.260775130486954,-0.260799410597976
2009-07-05,-4.85639574460257e-05,-0.26051139199653,-0.260559955953976
2009-07-05 00:10:00,0,-0.260246853691416,-0.260246853691416
2009-07-05 00:20:00,0,-0.260246853691416,-0.260246853691416
2009-07-05 00:30:00,-2.42838464238607e-05,-0.259981510705808,-0.260005794552232
2009-07-05 00:40:00,-4.85676928477214e-05,-0.259981510705808,-0.260030078398656
2009-07-05 00:50:00,-2.42838464238607e-05,-0.259670920309117,-0.259695204155541
2009-07-05 01:00:00,0,-0.259403816943726,-0.259403816943726
2009-07-05 01:10:00,0,-0.259403816943726,-0.259403816943726
2009-07-05 01:20:00,-2.42838464238607e-05,-0.259135893193022,-0.259160177039446
2009-07-05 01:30:00,-2.42875818255564e-05,-0.259135893193022,-0.259160180774847
2009-07-05 01:40:00,-2.42838464238607e-05,-0.258867144001987,-0.258891427848411
2009-07-05 01:50:00,-2.42875818255564e-05,-0.258867144001987,-0.258891431583813
2009-07-05 02:00:00,-2.42875818255564e-05,-0.258867144001987,-0.258891431583813
2009-07-05 02:10:00,-2.42875818255564e-05,-0.258867144001987,-0.258891431583813
2009-07-05 02:20:00,-2.42913172272521e-05,-0.258552553205172,-0.258576844522399
2009-07-05 02:30:00,-2.42913172272521e-05,-0.258552553205172,-0.258576844522399
2009-07-05 02:40:00,-2.42913172272521e-05,-0.258552553205172,-0.258576844522399
2009-07-05 02:50:00,-2.42913172272521e-05,-0.25828199799446,-0.258306289311687
2009-07-05 03:00:00,-2.42913172272521e-05,-0.25828199799446,-0.258306289311687
2009-07-05 03:10:00,0,-0.25828199799446,-0.25828199799446
2009-07-05 03:20:00,-2.42913172272521e-05,-0.258010601023894,-0.258034892341121
2009-07-05 03:30:00,-2.42913172272521e-05,-0.258010601023894,-0.258034892341121
2009-07-05 03:40:00,-2.42913172272521e-05,-0.258010601023894,-0.258034892341121
2009-07-05 03:50:00,0,-0.25769290032162,-0.25769290032162
2009-07-05 04:00:00,0.000145744167961817,-0.25769290032162,-0.257547156153659
2009-07-05 04:10:00,0.000680141940756277,-0.25769290032162,-0.257012758380864
2009-07-05 04:20:00,0.00230765645958048,-0.25769290032162,-0.25538524386204
2009-07-05 04:30:00,0.00573272098241794,-0.25769290032162,-0.251960179339203
2009-07-05 04:40:00,0.0107366650940014,-0.257374038308716,-0.246637373214714
2009-07-05 04:50:00,0.0167611209488549,-0.257374038308716,-0.240612917359861
2009-07-05 05:00:00,0.031845420076502,-0.257374038308716,-0.225528618232214
2009-07-05 05:10:00,0.0463712766506394,-0.257374038308716,-0.211002761658076
2009-07-05 05:20:00,0.0617499254319092,-0.257374038308716,-0.195624112876807
2009-07-05 05:30:00,0.0782604009269813,-0.257374038308716,-0.179113637381734
2009-07-05 05:40:00,0.0979310262566307,-0.257374038308716,-0.159443012052085
2009-07-05 05:50:00,0.116888189862398,-0.257374038308716,-0.140485848446318
2009-07-05 06:00:00,0.138639433936562,-0.257374038308716,-0.118734604372154
2009-07-05 06:10:00,0.161257291204133,-0.257374038308716,-0.096116747104583
2009-07-05 06:20:00,0.181630172052577,-0.257374038308716,-0.0757438662561387
2009-07-05 06:30:00,0.201439007244968,-0.257374038308716,-0.0559350310637478
2009-07-05 06:40:00,0.2275793483116,-0.25769290032162,-0.0301135520100201
2009-07-05 06:50:00,0.24962195371803,-0.257374038308716,-0.00775208459068527
2009-07-05 07:00:00,0.276475756508545,-0.257374038308716,0.0191017181998292
2009-07-05 07:10:00,0.291170826779498,-0.257099797246818,0.0340710295326803
2009-07-05 07:20:00,0.30890277862907,-0.257374038308716,0.0515287403203545
2009-07-05 07:30:00,0.337415099772483,-0.257099797246818,0.0803153025256653
2009-07-05 07:40:00,0.360260816543493,-0.257374038308716,0.102886778234777
2009-07-05 07:50:00,0.385231976879365,-0.257374038308716,0.12785793857065
2009-07-05 08:00:00,0.407868511155415,-0.257374038308716,0.150494472846699
2009-07-05 08:10:00,0.428749406634477,-0.25769290032162,0.171056506312856
2009-07-05 08:20:00,0.447202291011322,-0.25769290032162,0.189509390689702
2009-07-05 08:30:00,0.463787474540308,-0.25769290032162,0.206094574218688
2009-07-05 08:40:00,0.481381216527139,-0.25769290032162,0.223688316205518
2009-07-05 08:50:00,0.504092458837102,-0.25769290032162,0.246399558515482
2009-07-05 09:00:00,0.515672204093827,-0.25769290032162,0.257979303772207
2009-07-05 09:10:00,0.546115727913926,-0.25769290032162,0.288422827592306
2009-07-05 09:20:00,0.58246118641326,-0.258010601023894,0.324450585389366
2009-07-05 09:30:00,0.588886077329894,-0.258010601023894,0.330875476306001
2009-07-05 09:40:00,0.589296971516423,-0.258010601023894,0.331286370492529
2009-07-05 09:50:00,0.625530367964884,-0.25828199799446,0.367248369970425
2009-07-05 10:00:00,0.645029164816531,-0.25828199799446,0.386747166822071
2009-07-05 10:10:00,0.636848635102909,-0.25828199799446,0.378566637108449
2009-07-05 10:20:00,0.665760644227764,-0.25828199799446,0.407478646233304
2009-07-05 10:30:00,0.688882780724257,-0.258552553205172,0.430330227519085
2009-07-05 10:40:00,0.649362230783563,-0.258552553205172,0.390809677578392
2009-07-05 10:50:00,0.727880374427549,-0.258867144001987,0.469013230425562
2009-07-05 11:00:00,0.763291982502953,-0.258867144001987,0.504424838500966
2009-07-05 11:10:00,0.716113859086039,-0.258867144001987,0.457246715084051
2009-07-05 11:20:00,0.72403291068096,-0.259135893193022,0.464897017487938
2009-07-05 11:30:00,0.76306785840121,-0.259135893193022,0.503931965208188
2009-07-05 11:40:00,0.707186249033273,-0.259135893193022,0.448050355840252
2009-07-05 11:50:00,0.716337983187782,-0.259135893193022,0.45720208999476
2009-07-05 12:00:00,0.70961426013549,-0.259135893193022,0.450478366942468
2009-07-05 12:10:00,0.714432928322966,-0.259403816943726,0.45502911137924
2009-07-05 12:20:00,0.699005719319651,-0.259670920309117,0.439334799010535
2009-07-05 12:30:00,0.742373733006934,-0.259670920309117,0.482702812697817
2009-07-05 12:40:00,0.702629058964498,-0.259670920309117,0.442958138655381
2009-07-05 12:50:00,0.164406234833623,-0.259670920309117,-0.0952646854754941
2009-07-05 13:00:00,0.168044516085252,-0.259670920309117,-0.0916264042238651
2009-07-05 13:10:00,0.218427614157092,-0.259403816943726,-0.0409762027866336
2009-07-05 13:20:00,0.27283373985522,-0.259670920309117,0.0131628195461033
2009-07-05 13:30:00,0.165672536008471,-0.259670920309117,-0.0939983843006459
2009-07-05 13:40:00,0.132442402523366,-0.259670920309117,-0.12722851778575
2009-07-05 13:50:00,0.696577708217435,-0.259670920309117,0.436906787908318
2009-07-05 14:00:00,0.187132418750369,-0.259670920309117,-0.0725385015587477
2009-07-05 14:10:00,0.675883582823159,-0.259670920309117,0.416212662514042
2009-07-05 14:20:00,0.665499166109064,-0.259981510705808,0.405517655403256
2009-07-05 14:30:00,0.129536260004098,-0.259981510705808,-0.13044525070171
2009-07-05 14:40:00,0.645290642935231,-0.259981510705808,0.385309132229423
2009-07-05 14:50:00,0.134433371627184,-0.259981510705808,-0.125548139078624
2009-07-05 15:00:00,0.403535445188382,-0.259981510705808,0.143553934482574
2009-07-05 15:10:00,0.611335841521157,-0.259981510705808,0.351354330815349
2009-07-05 15:20:00,0.614436224928603,-0.259981510705808,0.354454714222795
2009-07-05 15:30:00,0.545966311846098,-0.260246853691416,0.285719458154682
2009-07-05 15:40:00,0.499199082615712,-0.260246853691416,0.238952228924296
2009-07-05 15:50:00,0.493745396139964,-0.26051139199653,0.233234004143434
2009-07-05 16:00:00,0.443989845553005,-0.26051139199653,0.183478453556475
2009-07-05 16:10:00,0.402078638527052,-0.26051139199653,0.141567246530522
2009-07-05 16:20:00,0.133073685409943,-0.26051139199653,-0.127437706586587
2009-07-05 16:30:00,0.132924269342114,-0.260246853691416,-0.127322584349302
2009-07-05 16:40:00,0.157764690618637,-0.260246853691416,-0.102482163072779
2009-07-05 16:50:00,0.20628755864601,-0.260246853691416,-0.0539592950454065
2009-07-05 17:00:00,0.127496730678236,-0.260246853691416,-0.13275012301318
2009-07-05 17:10:00,0.282512165648825,-0.260246853691416,0.0222653119574086
2009-07-05 17:20:00,0.265568383557049,-0.260246853691416,0.00532152986563322
2009-07-05 17:30:00,0.240548662999132,-0.260246853691416,-0.0196981906922839
2009-07-05 17:40:00,0.11939837980192,-0.259981510705808,-0.140583130903888
2009-07-05 17:50:00,0.168044516085252,-0.259981510705808,-0.0919369946205564
2009-07-05 18:00:00,0.155366562729986,-0.259981510705808,-0.104614947975822
2009-07-05 18:10:00,0.141687521720268,-0.259981510705808,-0.11829398898554
2009-07-05 18:20:00,0.1251733108235,-0.260246853691416,-0.135073542867916
2009-07-05 18:30:00,0.108315442970726,-0.259981510705808,-0.151666067735082
2009-07-05 18:40:00,0.10448292083092,-0.259670920309117,-0.155187999478197
2009-07-05 18:50:00,0.0736583860378571,-0.259981510705808,-0.186323124667951
2009-07-05 19:00:00,0.0606591881367596,-0.259981510705808,-0.199322322569049
2009-07-05 19:10:00,0.0390984495490771,-0.259981510705808,-0.220883061156731
2009-07-05 19:20:00,0.0253215410149311,-0.259981510705808,-0.234659969690877
2009-07-05 19:30:00,0.0179000449258792,-0.259981510705808,-0.242081465779929
2009-07-05 19:40:00,0.012710077809849,-0.260246853691416,-0.247536775881567
2009-07-05 19:50:00,0.00768969793080444,-0.260246853691416,-0.252557155760612
2009-07-05 20:00:00,0.00380898910912333,-0.260246853691416,-0.256437864582293
2009-07-05 20:10:00,0.00148004085987726,-0.26051139199653,-0.259031351136653
2009-07-05 20:20:00,0.00038822029823594,-0.26051139199653,-0.260123171698294
2009-07-05 20:30:00,7.27917728444506e-05,-0.26051139199653,-0.260438600223685
2009-07-05 20:40:00,-2.42651694153821e-05,-0.26051139199653,-0.260535657165945
2009-07-05 20:50:00,-2.42651694153821e-05,-0.26051139199653,-0.260535657165945
2009-07-05 21:00:00,-4.853407423246e-05,-0.26051139199653,-0.260559926070762
2009-07-05 21:10:00,-2.42689048170778e-05,-0.26051139199653,-0.260535660901347
2009-07-05 21:20:00,-2.42689048170778e-05,-0.260246853691416,-0.260271122596233
2009-07-05 21:30:00,-2.42689048170778e-05,-0.26051139199653,-0.260535660901347
2009-07-05 21:40:00,-2.42689048170778e-05,-0.260246853691416,-0.260271122596233
2009-07-05 21:50:00,0,-0.260246853691416,-0.260246853691416
2009-07-05 22:00:00,-4.85490158392428e-05,-0.260246853691416,-0.260295402707255
2009-07-05 22:10:00,-2.42763756204693e-05,-0.260246853691416,-0.260271130067037
2009-07-05 22:20:00,0,-0.260246853691416,-0.260246853691416
2009-07-05 22:30:00,-2.42763756204693e-05,-0.259981510705808,-0.260005787081429
2009-07-05 22:40:00,-7.28365976647992e-05,-0.259981510705808,-0.260054347303473
2009-07-05 22:50:00,-2.4280111022165e-05,-0.259670920309117,-0.259695200420139
2009-07-05 23:00:00,0,-0.259981510705808,-0.259981510705808
2009-07-05 23:10:00,-4.856022204433e-05,-0.259670920309117,-0.259719480531161
2009-07-05 23:20:00,0,-0.259670920309117,-0.259670920309117
2009-07-05 23:30:00,-2.4280111022165e-05,-0.259403816943726,-0.259428097054748
2009-07-05 23:40:00,0,-0.259403816943726,-0.259403816943726
2009-07-05 23:50:00,-2.4280111022165e-05,-0.259670920309117,-0.259695200420139
2009-07-06,-2.4280111022165e-05,-0.259981510705808,-0.26000579081683
2009-07-06 00:10:00,0,-0.259670920309117,-0.259670920309117
2009-07-06 00:20:00,-2.4280111022165e-05,-0.259981510705808,-0.26000579081683
2009-07-06 00:30:00,-2.4280111022165e-05,-0.259670920309117,-0.259695200420139
2009-07-06 00:40:00,-2.4280111022165e-05,-0.259670920309117,-0.259695200420139
2009-07-06 00:50:00,-2.4280111022165e-05,-0.259670920309117,-0.259695200420139
2009-07-06 01:00:00,-4.85639574460257e-05,-0.259670920309117,-0.259719484266563
2009-07-06 01:10:00,-2.4280111022165e-05,-0.259670920309117,-0.259695200420139
2009-07-06 01:20:00,0,-0.259403816943726,-0.259403816943726
2009-07-06 01:30:00,-2.42838464238607e-05,-0.259403816943726,-0.259428100790149
2009-07-06 01:40:00,0,-0.259135893193022,-0.259135893193022
2009-07-06 01:50:00,-2.42838464238607e-05,-0.259135893193022,-0.259160177039446
2009-07-06 02:00:00,-2.42838464238607e-05,-0.259135893193022,-0.259160177039446
2009-07-06 02:10:00,-2.42838464238607e-05,-0.259135893193022,-0.259160177039446
2009-07-06 02:20:00,-2.42838464238607e-05,-0.259135893193022,-0.259160177039446
2009-07-06 02:30:00,0,-0.258867144001987,-0.258867144001987
2009-07-06 02:40:00,-2.42838464238607e-05,-0.258867144001987,-0.258891427848411
2009-07-06 02:50:00,0,-0.258867144001987,-0.258867144001987
2009-07-06 03:00:00,0,-0.258867144001987,-0.258867144001987
2009-07-06 03:10:00,0,-0.258867144001987,-0.258867144001987
2009-07-06 03:20:00,-2.42838464238607e-05,-0.258552553205172,-0.258576837051595
2009-07-06 03:30:00,0,-0.258552553205172,-0.258552553205172
2009-07-06 03:40:00,-2.42838464238607e-05,-0.258867144001987,-0.258891427848411
2009-07-06 03:50:00,0,-0.258552553205172,-0.258552553205172
2009-07-06 04:00:00,7.28552746732778e-05,-0.258552553205172,-0.258479697930498
2009-07-06 04:10:00,0.000412836595410719,-0.258552553205172,-0.258139716609761
2009-07-06 04:20:00,0.00165160785976158,-0.258552553205172,-0.25690094534541
2009-07-06 04:30:00,0.00480895614306696,-0.258552553205172,-0.253743597062105
2009-07-06 04:40:00,0.0103717163483297,-0.258552553205172,-0.248180836856842
2009-07-06 04:50:00,0.0164936661874415,-0.258552553205172,-0.24205888701773
2009-07-06 05:00:00,0.0321849680906428,-0.258552553205172,-0.226367585114529
2009-07-06 05:10:00,0.0486573424884186,-0.258552553205172,-0.209895210716753
2009-07-06 05:20:00,0.0668001885245195,-0.258552553205172,-0.191752364680652
2009-07-06 05:30:00,0.0838784450773408,-0.258552553205172,-0.174674108127831
2009-07-06 05:40:00,0.102088528343965,-0.258552553205172,-0.156464024861207
2009-07-06 05:50:00,0.122162577056751,-0.25828199799446,-0.136119420937708
2009-07-06 06:00:00,0.143207830210425,-0.25828199799446,-0.115074167784035
2009-07-06 06:10:00,0.164084990287791,-0.25828199799446,-0.0941970077066688
2009-07-06 06:20:00,0.186489929658706,-0.25828199799446,-0.0717920683357541
2009-07-06 06:30:00,0.21032552787908,-0.25828199799446,-0.0479564701153795
2009-07-06 06:40:00,0.232390545695685,-0.258552553205172,-0.0261620075094869
2009-07-06 06:50:00,0.254661010605554,-0.258552553205172,-0.00389154259961805
2009-07-06 07:00:00,0.276703616011984,-0.25828199799446,0.0184216180175239
2009-07-06 07:10:00,0.299112290784594,-0.25828199799446,0.0408302927901343
2009-07-06 07:20:00,0.31546214400675,-0.25828199799446,0.0571801460122907
2009-07-06 07:30:00,0.344198589251907,-0.25828199799446,0.0859165912574468
2009-07-06 07:40:00,0.364997305893663,-0.25828199799446,0.106715307899203
2009-07-06 07:50:00,0.391059203524685,-0.25828199799446,0.132777205530225
2009-07-06 08:00:00,0.410221814223717,-0.25828199799446,0.151939816229257
2009-07-06 08:10:00,0.432895702516723,-0.25828199799446,0.174613704522263
2009-07-06 08:20:00,0.455868422945387,-0.25828199799446,0.197586424950927
2009-07-06 08:30:00,0.474209245271361,-0.25828199799446,0.215927247276901
2009-07-06 08:40:00,0.496248115276095,-0.25828199799446,0.237966117281635
2009-07-06 08:50:00,0.514588937602069,-0.25828199799446,0.256306939607609
2009-07-06 09:00:00,0.528447277893182,-0.25828199799446,0.270165279898722
2009-07-06 09:10:00,0.541072935624708,-0.25828199799446,0.282790937630248
2009-07-06 09:20:00,0.568266659969532,-0.25828199799446,0.309984661975073
2009-07-06 09:30:00,0.571105565258278,-0.25828199799446,0.312823567263818
2009-07-06 09:40:00,0.59277089509344,-0.25828199799446,0.334488897098981
2009-07-06 09:50:00,0.602184107366649,-0.25828199799446,0.343902109372189
2009-07-06 10:00:00,0.624073561303555,-0.25828199799446,0.365791563309095
2009-07-06 10:10:00,0.62863075137233,-0.25828199799446,0.37034875337787
2009-07-06 10:20:00,0.635130350322879,-0.25828199799446,0.376848352328419
2009-07-06 10:30:00,0.636587156984209,-0.25828199799446,0.378305158989749
2009-07-06 10:40:00,0.653695296750596,-0.25828199799446,0.395413298756136
2009-07-06 10:50:00,0.678983966230605,-0.25828199799446,0.420701968236145
2009-07-06 11:00:00,0.680664896993678,-0.25828199799446,0.422382898999218
2009-07-06 11:10:00,0.67031783429654,-0.25828199799446,0.41203583630208
2009-07-06 11:20:00,0.690078109266886,-0.25828199799446,0.431796111272427
2009-07-06 11:30:00,0.685483565181153,-0.25828199799446,0.427201567186694
2009-07-06 11:40:00,0.688135700385113,-0.25828199799446,0.429853702390653
2009-07-06 11:50:00,0.693925573013475,-0.25828199799446,0.435643575019016
2009-07-06 12:00:00,0.698968365302694,-0.25828199799446,0.440686367308235
2009-07-06 12:10:00,0.694149697115219,-0.25828199799446,0.435867699120759
2009-07-06 12:20:00,0.689106904826,-0.25828199799446,0.43082490683154
2009-07-06 12:30:00,0.693178492674332,-0.258552553205172,0.43462593946916
2009-07-06 12:40:00,0.691759040029959,-0.258552553205172,0.433206486824788
2009-07-06 12:50:00,0.676593309145345,-0.258552553205172,0.418040755940174
2009-07-06 13:00:00,0.681150499214121,-0.258867144001987,0.422283355212134
2009-07-06 13:10:00,0.672484367280056,-0.258867144001987,0.413617223278068
2009-07-06 13:20:00,0.666955972770394,-0.258867144001987,0.408088828768406
2009-07-06 13:30:00,0.651752887868823,-0.258867144001987,0.392885743866835
2009-07-06 13:40:00,0.644057960375644,-0.258867144001987,0.385190816373657
2009-07-06 13:50:00,0.636101554763766,-0.258867144001987,0.377234410761778
2009-07-06 14:00:00,0.626015970185328,-0.258867144001987,0.36714882618334
2009-07-06 14:10:00,0.613240896385973,-0.258867144001987,0.354373752383986
2009-07-06 14:20:00,0.605770092994538,-0.258867144001987,0.346902948992551
2009-07-06 14:30:00,0.587391916651607,-0.259135893193022,0.328256023458585
2009-07-06 14:40:00,0.566996623392988,-0.259135893193022,0.307860730199967
2009-07-06 14:50:00,0.551644122423589,-0.259135893193022,0.292508229230567
2009-07-06 15:00:00,0.53588072726766,-0.259135893193022,0.276744834074638
2009-07-06 15:10:00,0.526803701147066,-0.259135893193022,0.267667807954044
2009-07-06 15:20:00,0.499273790649627,-0.259135893193022,0.240137897456605
2009-07-06 15:30:00,0.486274592748529,-0.259403816943726,0.226870775804803
2009-07-06 15:40:00,0.456316671148873,-0.259403816943726,0.196912854205147
2009-07-06 15:50:00,0.441449772399917,-0.259135893193022,0.182313879206895
2009-07-06 16:00:00,0.428151742363162,-0.259403816943726,0.168747925419436
2009-07-06 16:10:00,0.402564240747496,-0.259403816943726,0.14316042380377
2009-07-06 16:20:00,0.383065443895849,-0.259403816943726,0.123661626952124
2009-07-06 16:30:00,0.359121519026299,-0.259403816943726,0.0997177020825732
2009-07-06 16:40:00,0.34275672419736,-0.259403816943726,0.083352907253634
2009-07-06 16:50:00,0.322099952820041,-0.259670920309117,0.0624290325109239
2009-07-06 17:00:00,0.303549947999107,-0.259403816943726,0.0441461310553811
2009-07-06 17:10:00,0.275762294784663,-0.259403816943726,0.0163584778409372
2009-07-06 17:20:00,0.248415418970314,-0.259135893193022,-0.0107204742227081
2009-07-06 17:30:00,0.224049393709147,-0.259403816943726,-0.0353544232345785
2009-07-06 17:40:00,0.196609132852405,-0.259403816943726,-0.0627946840913207
2009-07-06 17:50:00,0.174069719020444,-0.259135893193022,-0.0850661741725773
2009-07-06 18:00:00,0.153166411131208,-0.259135893193022,-0.105969482061814
2009-07-06 18:10:00,0.142034914077969,-0.259135893193022,-0.117100979115052
2009-07-06 18:20:00,0.125397434925243,-0.259135893193022,-0.133738458267779
2009-07-06 18:30:00,0.107303149111186,-0.259135893193022,-0.151832744081835
2009-07-06 18:40:00,0.0890631826309969,-0.259403816943726,-0.170340634312729
2009-07-06 18:50:00,0.0720110738900456,-0.259403816943726,-0.18739274305368
2009-07-06 19:00:00,0.0546713392185241,-0.259403816943726,-0.204732477725201
2009-07-06 19:10:00,0.0391507451728171,-0.259670920309117,-0.2205201751363
2009-07-06 19:20:00,0.026513134155865,-0.259403816943726,-0.232890682787861
2009-07-06 19:30:00,0.0193344391770348,-0.259403816943726,-0.240069377766691
2009-07-06 19:40:00,0.0132464814933541,-0.259403816943726,-0.246157335450372
2009-07-06 19:50:00,0.00773975231352706,-0.259403816943726,-0.251664064630199
2009-07-06 20:00:00,0.00363951393418862,-0.259670920309117,-0.256031406374928
2009-07-06 20:10:00,0.00135878972083427,-0.259670920309117,-0.258312130588283
2009-07-06 20:20:00,0.000363958864222253,-0.259670920309117,-0.259306961444895
2009-07-06 20:30:00,4.85303388307642e-05,-0.259670920309117,-0.259622389970286
2009-07-06 20:40:00,0,-0.259403816943726,-0.259403816943726
2009-07-06 20:50:00,-2.42689048170778e-05,-0.259403816943726,-0.259428085848543
2009-07-06 21:00:00,-2.42689048170778e-05,-0.259670920309117,-0.259695189213934
2009-07-06 21:10:00,-4.85415450358514e-05,-0.259403816943726,-0.259452358488761
2009-07-06 21:20:00,-2.42726402187736e-05,-0.259403816943726,-0.259428089583944
2009-07-06 21:30:00,-2.42726402187736e-05,-0.259403816943726,-0.259428089583944
2009-07-06 21:40:00,-2.42726402187736e-05,-0.259403816943726,-0.259428089583944
2009-07-06 21:50:00,-4.85490158392428e-05,-0.259403816943726,-0.259452365959565
2009-07-06 22:00:00,-4.85527512409386e-05,-0.259135893193022,-0.259184445944263
2009-07-06 22:10:00,0,-0.259135893193022,-0.259135893193022
2009-07-06 22:20:00,-2.42763756204693e-05,-0.259135893193022,-0.259160169568642
2009-07-06 22:30:00,-4.85527512409386e-05,-0.259135893193022,-0.259184445944263
2009-07-06 22:40:00,-2.42763756204693e-05,-0.259135893193022,-0.259160169568642
2009-07-06 22:50:00,-2.42763756204693e-05,-0.259135893193022,-0.259160169568642
2009-07-06 23:00:00,-4.85564866426343e-05,-0.259135893193022,-0.259184449679664
2009-07-06 23:10:00,0,-0.259135893193022,-0.259135893193022
2009-07-06 23:20:00,0,-0.258867144001987,-0.258867144001987
2009-07-06 23:30:00,-2.4280111022165e-05,-0.259135893193022,-0.259160173304044
2009-07-06 23:40:00,-2.4280111022165e-05,-0.259135893193022,-0.259160173304044
2009-07-06 23:50:00,-2.4280111022165e-05,-0.258867144001987,-0.25889142411301
2009-07-07,-2.4280111022165e-05,-0.258867144001987,-0.25889142411301
2009-07-07 00:10:00,-4.85639574460257e-05,-0.258867144001987,-0.258915707959433
2009-07-07 00:20:00,-2.4280111022165e-05,-0.258867144001987,-0.25889142411301
2009-07-07 00:30:00,-2.4280111022165e-05,-0.258867144001987,-0.25889142411301
2009-07-07 00:40:00,-4.85639574460257e-05,-0.258867144001987,-0.258915707959433
2009-07-07 00:50:00,-2.4280111022165e-05,-0.258552553205172,-0.258576833316194
2009-07-07 01:00:00,0,-0.258552553205172,-0.258552553205172
2009-07-07 01:10:00,0,-0.258552553205172,-0.258552553205172
2009-07-07 01:20:00,-2.4280111022165e-05,-0.258552553205172,-0.258576833316194
2009-07-07 01:30:00,0,-0.258552553205172,-0.258552553205172
2009-07-07 01:40:00,-4.85639574460257e-05,-0.258552553205172,-0.258601117162618
2009-07-07 01:50:00,-2.42838464238607e-05,-0.25828199799446,-0.258306281840884
2009-07-07 02:00:00,-2.42838464238607e-05,-0.25828199799446,-0.258306281840884
2009-07-07 02:10:00,0,-0.25828199799446,-0.25828199799446
2009-07-07 02:20:00,-2.42838464238607e-05,-0.25828199799446,-0.258306281840884
2009-07-07 02:30:00,0,-0.25828199799446,-0.25828199799446
2009-07-07 02:40:00,-2.42838464238607e-05,-0.25828199799446,-0.258306281840884
2009-07-07 02:50:00,-2.42838464238607e-05,-0.25828199799446,-0.258306281840884
2009-07-07 03:00:00,-2.42838464238607e-05,-0.258010601023894,-0.258034884870317
2009-07-07 03:10:00,0,-0.25828199799446,-0.25828199799446
2009-07-07 03:20:00,-2.42838464238607e-05,-0.25828199799446,-0.258306281840884
2009-07-07 03:30:00,0,-0.258010601023894,-0.258010601023894
2009-07-07 03:40:00,-2.42875818255564e-05,-0.258010601023894,-0.258034888605719
2009-07-07 03:50:00,2.42875818255564e-05,-0.258010601023894,-0.257986313442068
2009-07-07 04:00:00,9.71503273022257e-05,-0.258010601023894,-0.257913450696591
2009-07-07 04:10:00,0.000437228768483756,-0.258010601023894,-0.25757337225541
2009-07-07 04:20:00,0.00143312421457905,-0.25769290032162,-0.256259776107041
2009-07-07 04:30:00,0.00369225780613215,-0.258010601023894,-0.254318343217761
2009-07-07 04:40:00,0.00889062957597767,-0.25769290032162,-0.248802270745643
2009-07-07 04:50:00,0.015327847318208,-0.25769290032162,-0.242365053003412
2009-07-07 05:00:00,0.0276920269310335,-0.25769290032162,-0.230000873390587
2009-07-07 05:10:00,0.0423893384430044,-0.25769290032162,-0.215303561878616
2009-07-07 05:20:00,0.0596356880721329,-0.258010601023894,-0.198374912951761
2009-07-07 05:30:00,0.0759108332603749,-0.25769290032162,-0.181782067061246
2009-07-07 05:40:00,0.0928658215572375,-0.25769290032162,-0.164827078764383
2009-07-07 05:50:00,0.112043373863052,-0.25769290032162,-0.145649526458568
2009-07-07 06:00:00,0.131755088611354,-0.25769290032162,-0.125937811710266
2009-07-07 06:10:00,0.15306929068712,-0.25769290032162,-0.104623609634501
2009-07-07 06:20:00,0.172392523659067,-0.25769290032162,-0.0853003766625533
2009-07-07 06:30:00,0.195764932069173,-0.258010601023894,-0.0622456689547208
2009-07-07 06:40:00,0.217318199853464,-0.258010601023894,-0.0406924011704297
2009-07-07 06:50:00,0.242001734258766,-0.25769290032162,-0.0156911660628541
2009-07-07 07:00:00,0.265086516738302,-0.25769290032162,0.00739361641668118
2009-07-07 07:10:00,0.287510133117695,-0.258010601023894,0.0294995320938014
2009-07-07 07:20:00,0.300658747086621,-0.258010601023894,0.0426481460627277
2009-07-07 07:30:00,0.335666931778887,-0.25769290032162,0.077974031457267
2009-07-07 07:40:00,0.358340820071894,-0.258010601023894,0.100330219048
2009-07-07 07:50:00,0.383999294319779,-0.258010601023894,0.125988693295885
2009-07-07 08:00:00,0.405104313900584,-0.258010601023894,0.14709371287669
2009-07-07 08:10:00,0.425985209379646,-0.258010601023894,0.167974608355752
2009-07-07 08:20:00,0.448584389638738,-0.258010601023894,0.190573788614844
2009-07-07 08:30:00,0.46733610615124,-0.25828199799446,0.20905410815678
2009-07-07 08:40:00,0.489636454274675,-0.25828199799446,0.231354456280215
2009-07-07 08:50:00,0.507118134210634,-0.25828199799446,0.248836136216174
2009-07-07 09:00:00,0.523815379790492,-0.258552553205172,0.26526282658532
2009-07-07 09:10:00,0.542716512370823,-0.258552553205172,0.284163959165652
2009-07-07 09:20:00,0.559002863764152,-0.258867144001987,0.300135719762165
2009-07-07 09:30:00,0.573645638411366,-0.258552553205172,0.315093085206194
2009-07-07 09:40:00,0.592882957144312,-0.258867144001987,0.334015813142325
2009-07-07 09:50:00,0.607451023757611,-0.258867144001987,0.348583879755624
2009-07-07 10:00:00,0.617312484234306,-0.258867144001987,0.358445340232318
2009-07-07 10:10:00,0.629377831711474,-0.258867144001987,0.370510687709486
2009-07-07 10:20:00,0.642152905510828,-0.259135893193022,0.383017012317807
2009-07-07 10:30:00,0.649362230783563,-0.259135893193022,0.390226337590542
2009-07-07 10:40:00,0.672484367280056,-0.259403816943726,0.41308055033633
2009-07-07 10:50:00,0.686230645520297,-0.259403816943726,0.426826828576571
2009-07-07 11:00:00,0.681636101434564,-0.259670920309117,0.421965181125447
2009-07-07 11:10:00,0.162448884345067,-0.259670920309117,-0.0972220359640502
2009-07-07 11:20:00,0.790261582746035,-0.259670920309117,0.530590662436918
2009-07-07 11:30:00,0.777038260743194,-0.259670920309117,0.517367340434077
2009-07-07 11:40:00,0.654666501191483,-0.259981510705808,0.394684990485674
2009-07-07 11:50:00,0.899372666277948,-0.259981510705808,0.63939115557214
2009-07-07 12:00:00,0.416422581038608,-0.260246853691416,0.156175727347192
2009-07-07 12:10:00,0.68525944107941,-0.259981510705808,0.425277930373602
2009-07-07 12:20:00,0.792913717949994,-0.260246853691416,0.532666864258578
2009-07-07 12:30:00,0.33110227090672,-0.260246853691416,0.0708554172153044
2009-07-07 12:40:00,0.741850776769533,-0.26051139199653,0.481339384773004
2009-07-07 12:50:00,0.687201849961184,-0.26051139199653,0.426690457964654
2009-07-07 13:00:00,0.667217450889094,-0.26051139199653,0.406706058892564
2009-07-07 13:10:00,0.689853985165143,-0.26051139199653,0.429342593168613
2009-07-07 13:20:00,0.723808786579217,-0.26051139199653,0.463297394582687
2009-07-07 13:30:00,0.752944919805815,-0.26051139199653,0.492433527809285
2009-07-07 13:40:00,0.624110915320512,-0.26051139199653,0.363599523323982
2009-07-07 13:50:00,0.72283758213833,-0.26051139199653,0.4623261901418
2009-07-07 14:00:00,0.535133646928516,-0.26051139199653,0.274622254931986
2009-07-07 14:10:00,0.660456373819845,-0.26051139199653,0.399944981823315
2009-07-07 14:20:00,0.677078911365789,-0.260246853691416,0.416832057674373
2009-07-07 14:30:00,0.195129913780901,-0.260246853691416,-0.0651169399105153
2009-07-07 14:40:00,0.596132756619586,-0.260246853691416,0.33588590292817
2009-07-07 14:50:00,0.586756898363335,-0.260246853691416,0.326510044671919
2009-07-07 15:00:00,0.120268728397023,-0.260246853691416,-0.139978125294394
2009-07-07 15:10:00,0.149733576972844,-0.260246853691416,-0.110513276718572
2009-07-07 15:20:00,0.561692352985069,-0.260246853691416,0.301445499293653
2009-07-07 15:30:00,0.493894812207793,-0.260246853691416,0.233647958516377
2009-07-07 15:40:00,0.405141667917541,-0.260246853691416,0.144894814226125
2009-07-07 15:50:00,0.18966128569837,-0.26051139199653,-0.0708501062981599
2009-07-07 16:00:00,0.433680136872824,-0.260775130486954,0.17290500638587
2009-07-07 16:10:00,0.410259168240674,-0.260775130486954,0.14948403775372
2009-07-07 16:20:00,0.394906667271274,-0.260775130486954,0.134131536784321
2009-07-07 16:30:00,0.36370859230864,-0.260775130486954,0.102933461821687
2009-07-07 16:40:00,0.350541301331235,-0.261081820945917,0.089459480385318
2009-07-07 16:50:00,0.316937627676559,-0.261081820945917,0.0558558067306417
2009-07-07 17:00:00,0.289874642391084,-0.260775130486954,0.0290995119041306
2009-07-07 17:10:00,0.279038242071807,-0.261081820945917,0.0179564211258901
2009-07-07 17:20:00,0.25081728226066,-0.261081820945917,-0.0102645386852571
2009-07-07 17:30:00,0.240485161170305,-0.261081820945917,-0.0205966597756123
2009-07-07 17:40:00,0.209279615404279,-0.261081820945917,-0.0518022055416378
2009-07-07 17:50:00,0.174192987276403,-0.261081820945917,-0.0868888336695141
2009-07-07 18:00:00,0.165317672847378,-0.261343842988006,-0.0960261701406286
2009-07-07 18:10:00,0.149341359794793,-0.261605080336007,-0.112263720541214
2009-07-07 18:20:00,0.129741707097363,-0.261865537675837,-0.132123830578474
2009-07-07 18:30:00,0.109413651069267,-0.261605080336007,-0.15219142926674
2009-07-07 18:40:00,0.0913492484687761,-0.261605080336007,-0.170255831867231
2009-07-07 18:50:00,0.0748574499821825,-0.261605080336007,-0.186747630353825
2009-07-07 19:00:00,0.0578314890531013,-0.261605080336007,-0.203773591282906
2009-07-07 19:10:00,0.0428189096380119,-0.261605080336007,-0.218786170697995
2009-07-07 19:20:00,0.0263002162592091,-0.261865537675837,-0.235565321416627
2009-07-07 19:30:00,0.0188521988181176,-0.261865537675837,-0.243013338857719
2009-07-07 19:40:00,0.0118647564061081,-0.261605080336007,-0.249740323929899
2009-07-07 19:50:00,0.00647830716088319,-0.261605080336007,-0.255126773175124
2009-07-07 20:00:00,0.00245061028247559,-0.261605080336007,-0.259154470053532
2009-07-07 20:10:00,0.00118897835974694,-0.261605080336007,-0.26041610197626
2009-07-07 20:20:00,0.00024264422335043,-0.261605080336007,-0.261362436112657
2009-07-07 20:30:00,2.42689048170778e-05,-0.261343842988006,-0.261319574083189
2009-07-07 20:40:00,2.42689048170778e-05,-0.261343842988006,-0.261319574083189
2009-07-07 20:50:00,-2.42689048170778e-05,-0.261081820945917,-0.261106089850734
2009-07-07 21:00:00,-2.42726402187736e-05,-0.261343842988006,-0.261368115628225
2009-07-07 21:10:00,0,-0.261081820945917,-0.261081820945917
2009-07-07 21:20:00,-2.42763756204693e-05,-0.261081820945917,-0.261106097321538
2009-07-07 21:30:00,-2.42763756204693e-05,-0.261081820945917,-0.261106097321538
2009-07-07 21:40:00,-2.42763756204693e-05,-0.260775130486954,-0.260799406862574
2009-07-07 21:50:00,-4.85527512409386e-05,-0.260775130486954,-0.260823683238195
2009-07-07 22:00:00,-4.85527512409386e-05,-0.260775130486954,-0.260823683238195
2009-07-07 22:10:00,0,-0.26051139199653,-0.26051139199653
2009-07-07 22:20:00,-2.4280111022165e-05,-0.26051139199653,-0.260535672107552
2009-07-07 22:30:00,0,-0.26051139199653,-0.26051139199653
2009-07-07 22:40:00,-2.4280111022165e-05,-0.26051139199653,-0.260535672107552
2009-07-07 22:50:00,0,-0.260246853691416,-0.260246853691416
2009-07-07 23:00:00,0,-0.26051139199653,-0.26051139199653
2009-07-07 23:10:00,-2.4280111022165e-05,-0.260246853691416,-0.260271133802438
2009-07-07 23:20:00,-4.85639574460257e-05,-0.26051139199653,-0.260559955953976
2009-07-07 23:30:00,0,-0.260246853691416,-0.260246853691416
2009-07-07 23:40:00,-2.4280111022165e-05,-0.260246853691416,-0.260271133802438
2009-07-07 23:50:00,-4.85639574460257e-05,-0.260246853691416,-0.260295417648862
2009-07-08,-2.42838464238607e-05,-0.259981510705808,-0.260005794552232
2009-07-08 00:10:00,0,-0.259981510705808,-0.259981510705808
2009-07-08 00:20:00,-2.42838464238607e-05,-0.259981510705808,-0.260005794552232
2009-07-08 00:30:00,-4.85639574460257e-05,-0.259981510705808,-0.260030074663254
2009-07-08 00:40:00,-4.85639574460257e-05,-0.259981510705808,-0.260030074663254
2009-07-08 00:50:00,-2.42838464238607e-05,-0.259670920309117,-0.259695204155541
2009-07-08 01:00:00,-2.42838464238607e-05,-0.259670920309117,-0.259695204155541
2009-07-08 01:10:00,-7.28590100749736e-05,-0.259670920309117,-0.259743779319192
2009-07-08 01:20:00,-2.42875818255564e-05,-0.259670920309117,-0.259695207890942
2009-07-08 01:30:00,0,-0.259670920309117,-0.259670920309117
2009-07-08 01:40:00,-2.42913172272521e-05,-0.259670920309117,-0.259695211626344
2009-07-08 01:50:00,-2.42913172272521e-05,-0.259670920309117,-0.259695211626344
2009-07-08 02:00:00,-4.85826344545043e-05,-0.259403816943726,-0.25945239957818
2009-07-08 02:10:00,-2.42913172272521e-05,-0.259403816943726,-0.259428108260953
2009-07-08 02:20:00,0,-0.259403816943726,-0.259403816943726
2009-07-08 02:30:00,-2.42913172272521e-05,-0.259403816943726,-0.259428108260953
2009-07-08 02:40:00,-2.42913172272521e-05,-0.259403816943726,-0.259428108260953
2009-07-08 02:50:00,-2.42913172272521e-05,-0.259403816943726,-0.259428108260953
2009-07-08 03:00:00,0,-0.259403816943726,-0.259403816943726
2009-07-08 03:10:00,-2.42913172272521e-05,-0.259135893193022,-0.259160184510249
2009-07-08 03:20:00,-2.42913172272521e-05,-0.259135893193022,-0.259160184510249
2009-07-08 03:30:00,-2.42913172272521e-05,-0.259135893193022,-0.259160184510249
2009-07-08 03:40:00,-2.42913172272521e-05,-0.259135893193022,-0.259160184510249
2009-07-08 03:50:00,2.42913172272521e-05,-0.259135893193022,-0.259111601875794
2009-07-08 04:00:00,9.71652689090086e-05,-0.258867144001987,-0.258769978733078
2009-07-08 04:10:00,0.000607301607689782,-0.259135893193022,-0.258528591585332
2009-07-08 04:20:00,0.00228341370257527,-0.258867144001987,-0.256583730299412
2009-07-08 04:30:00,0.00468830266829527,-0.258867144001987,-0.254178841333692
2009-07-08 04:40:00,0.0105185176349714,-0.258867144001987,-0.248348626367016
2009-07-08 04:50:00,0.0185354367543208,-0.258552553205172,-0.240017116450851
2009-07-08 05:00:00,0.0312402850017958,-0.258867144001987,-0.227626859000192
2009-07-08 05:10:00,0.0424378986650487,-0.258867144001987,-0.216429245336939
2009-07-08 05:20:00,0.0635018288272007,-0.258552553205172,-0.195050724377971
2009-07-08 05:30:00,0.0742859335227377,-0.258552553205172,-0.184266619682434
2009-07-08 05:40:00,0.0908300276330714,-0.258867144001987,-0.168037116368916
2009-07-08 05:50:00,0.100594367665677,-0.258552553205172,-0.157958185539494
2009-07-08 06:00:00,0.121826390904137,-0.258867144001987,-0.137040753097851
2009-07-08 06:10:00,0.157140878535452,-0.258552553205172,-0.10141167466972
2009-07-08 06:20:00,0.177835003929728,-0.258867144001987,-0.0810321400722596
2009-07-08 06:30:00,0.182235307127283,-0.258552553205172,-0.0763172460778884
2009-07-08 06:40:00,0.188794672504964,-0.258552553205172,-0.0697578807002081
2009-07-08 06:50:00,0.231322220810709,-0.258552553205172,-0.0272303323944622
2009-07-08 07:00:00,0.228247985215134,-0.258552553205172,-0.0303045679900378
2009-07-08 07:10:00,0.245430833015435,-0.258552553205172,-0.0131217201897365
2009-07-08 07:20:00,0.218550882413051,-0.258552553205172,-0.040001670792121
2009-07-08 07:30:00,0.264201226536417,-0.258552553205172,0.00564867333124491
2009-07-08 07:40:00,0.248736663516145,-0.258552553205172,-0.0098158896890263
2009-07-08 07:50:00,0.338942879066032,-0.258552553205172,0.0803903258608602
2009-07-08 08:00:00,0.373121804581849,-0.258552553205172,0.114569251376677
2009-07-08 08:10:00,0.422585993836542,-0.258867144001987,0.163718849834555
2009-07-08 08:20:00,0.485826344545043,-0.258867144001987,0.226959200543055
2009-07-08 08:30:00,0.400360353747022,-0.258867144001987,0.141493209745035
2009-07-08 08:40:00,0.327546168492397,-0.258867144001987,0.0686790244904098
2009-07-08 08:50:00,0.511899448381152,-0.259135893193022,0.252763555188131
2009-07-08 09:00:00,0.404506649629269,-0.259135893193022,0.145370756436247
2009-07-08 09:10:00,0.483958643697184,-0.259403816943726,0.224554826753458
2009-07-08 09:20:00,0.610028450927656,-0.259403816943726,0.350624633983931
2009-07-08 09:30:00,0.618208980641278,-0.259403816943726,0.358805163697552
2009-07-08 09:40:00,0.600540530620533,-0.259670920309117,0.340869610311416
2009-07-08 09:50:00,0.553698593356233,-0.259670920309117,0.294027673047116
2009-07-08 10:00:00,0.508799064973707,-0.259981510705808,0.248817554267898
2009-07-08 10:10:00,0.612045567843344,-0.259981510705808,0.352064057137535
2009-07-08 10:20:00,0.707410373135016,-0.259981510705808,0.447428862429208
2009-07-08 10:30:00,0.616378633810376,-0.260246853691416,0.35613178011896
2009-07-08 10:40:00,0.711481960983349,-0.26051139199653,0.450970568986819
2009-07-08 10:50:00,0.434613987296753,-0.26051139199653,0.174102595300223
2009-07-08 11:00:00,0.165190669189723,-0.26051139199653,-0.0953207228068065
2009-07-08 11:10:00,0.418589114022124,-0.26051139199653,0.158077722025595
2009-07-08 11:20:00,0.763105212418167,-0.26051139199653,0.502593820421637
2009-07-08 11:30:00,0.747902127516596,-0.26051139199653,0.487390735520066
2009-07-08 11:40:00,0.74599707265178,-0.26051139199653,0.48548568065525
2009-07-08 11:50:00,0.74573559453308,-0.26051139199653,0.48522420253655
2009-07-08 12:00:00,0.7674382783852,-0.261605080336007,0.505833198049192
2009-07-08 12:10:00,0.770053059572202,-0.261865537675837,0.508187521896365
2009-07-08 12:20:00,0.790523060864735,-0.262168424922014,0.528354635942721
2009-07-08 12:30:00,0.771285742131789,-0.262685225876283,0.508600516255506
2009-07-08 12:40:00,0.74599707265178,-0.262427208120731,0.483569864531049
2009-07-08 12:50:00,0.740692802243861,-0.262685225876283,0.478007576367579
2009-07-08 13:00:00,0.740207200023418,-0.262942482703459,0.477264717319959
2009-07-08 13:10:00,0.724331742816617,-0.262685225876283,0.461646516940335
2009-07-08 13:20:00,0.727955082461464,-0.263241659907455,0.464713422554009
2009-07-08 13:30:00,0.725004115121847,-0.264554390805859,0.460449724315988
2009-07-08 13:40:00,0.449966488266153,-0.264554390805859,0.185412097460294
2009-07-08 13:50:00,0.628219857185801,-0.264301850877702,0.3639180063081
2009-07-08 14:00:00,0.686977725859441,-0.264301850877702,0.422675874981739
2009-07-08 14:10:00,0.669159859770867,-0.264301850877702,0.404858008893166
2009-07-08 14:20:00,0.640770806883413,-0.264554390805859,0.376216416077554
2009-07-08 14:30:00,0.610439345114185,-0.264554390805859,0.345884954308326
2009-07-08 14:40:00,0.584665073413733,-0.264554390805859,0.320110682607874
2009-07-08 14:50:00,0.585075967600262,-0.264554390805859,0.320521576794403
2009-07-08 15:00:00,0.549851129609644,-0.264554390805859,0.285296738803785
2009-07-08 15:10:00,0.545032461422168,-0.264554390805859,0.280478070616309
2009-07-08 15:20:00,0.525122770383993,-0.26505728783701,0.260065482546983
2009-07-08 15:30:00,0.234684082336855,-0.265640360024425,-0.0309562776875692
2009-07-08 15:40:00,0.476562548339663,-0.265640360024425,0.210922188315238
2009-07-08 15:50:00,0.459715886691976,-0.26505728783701,0.194658598854966
2009-07-08 16:00:00,0.473947767152661,-0.26505728783701,0.208890479315651
2009-07-08 16:10:00,0.439357947450315,-0.26505728783701,0.174300659613305
2009-07-08 16:20:00,0.406859952697571,-0.265640360024425,0.141219592673146
2009-07-08 16:30:00,0.382355717573663,-0.266137052835455,0.116218664738208
2009-07-08 16:40:00,0.359297082905998,-0.266917744502208,0.0923793384037895
2009-07-08 16:50:00,0.334359541185386,-0.266671964280654,0.0676875769047319
2009-07-08 17:00:00,0.313209696784233,-0.265640360024425,0.0475693367598081
2009-07-08 17:10:00,0.295612219395707,-0.265349311101034,0.030262908294673
2009-07-08 17:20:00,0.287756669629612,-0.265349311101034,0.0224073585285788
2009-07-08 17:30:00,0.265075310533214,-0.265889059948432,-0.000813749415217668
2009-07-08 17:40:00,0.227485963269207,-0.265640360024425,-0.0381543967552171
2009-07-08 17:50:00,0.159090758220616,-0.265640360024425,-0.106549601803808
2009-07-08 18:00:00,0.165325143650769,-0.266425489600288,-0.101100345949519
2009-07-08 18:10:00,0.154417770699274,-0.266425489600288,-0.112007718901014
2009-07-08 18:20:00,0.136917413754836,-0.265889059948432,-0.128971646193596
2009-07-08 18:30:00,0.121863744921094,-0.266137052835455,-0.144273307914361
2009-07-08 18:40:00,0.108707660148776,-0.266137052835455,-0.157429392686678
2009-07-08 18:50:00,0.0860412426591613,-0.266425489600288,-0.180384246941127
2009-07-08 19:00:00,0.0566585729206459,-0.265640360024425,-0.208981787103779
2009-07-08 19:10:00,0.0399575919390921,-0.265349311101034,-0.225391719161941
2009-07-08 19:20:00,0.0244168267242283,-0.26505728783701,-0.240640461112782
2009-07-08 19:30:00,0.0186235922343397,-0.264806201726715,-0.246182609492375
2009-07-08 19:40:00,0.0129984508207584,-0.26505728783701,-0.252058837016252
2009-07-08 19:50:00,0.00761498989689008,-0.26505728783701,-0.25744229794012
2009-07-08 20:00:00,0.00300733455120536,-0.264806201726715,-0.26179886717551
2009-07-08 20:10:00,0.00106716691044959,-0.264806201726715,-0.263739034816265
2009-07-08 20:20:00,0.000218304345901133,-0.264554390805859,-0.264336086459958
2009-07-08 20:30:00,0,-0.264554390805859,-0.264554390805859
2009-07-08 20:40:00,-2.42614340136864e-05,-0.264554390805859,-0.264578652239873
2009-07-08 20:50:00,-2.42651694153821e-05,-0.264301850877702,-0.264326116047117
2009-07-08 21:00:00,-2.42651694153821e-05,-0.264554390805859,-0.264578655975274
2009-07-08 21:10:00,-2.42651694153821e-05,-0.264301850877702,-0.264326116047117
2009-07-08 21:20:00,-4.85378096341557e-05,-0.264301850877702,-0.264350388687336
2009-07-08 21:30:00,-2.42689048170778e-05,-0.264301850877702,-0.264326119782519
2009-07-08 21:40:00,-4.85415450358514e-05,-0.264301850877702,-0.264350392422737
2009-07-08 21:50:00,-2.42726402187736e-05,-0.264006293927577,-0.264030566567795
2009-07-08 22:00:00,-2.42726402187736e-05,-0.264006293927577,-0.264030566567795
2009-07-08 22:10:00,-2.42763756204693e-05,-0.264006293927577,-0.264030570303197
2009-07-08 22:20:00,-2.42763756204693e-05,-0.264006293927577,-0.264030570303197
2009-07-08 22:30:00,-2.42763756204693e-05,-0.263752159911681,-0.263776436287302
2009-07-08 22:40:00,-2.42763756204693e-05,-0.263497283355605,-0.263521559731226
2009-07-08 22:50:00,0,-0.263241659907455,-0.263241659907455
2009-07-08 23:00:00,0,-0.262942482703459,-0.262942482703459
2009-07-08 23:10:00,-2.42763756204693e-05,-0.262942482703459,-0.262966759079079
2009-07-08 23:20:00,-2.42763756204693e-05,-0.262942482703459,-0.262966759079079
2009-07-08 23:30:00,0,-0.262942482703459,-0.262942482703459
2009-07-08 23:40:00,-4.85527512409386e-05,-0.262942482703459,-0.2629910354547
2009-07-08 23:50:00,0,-0.262942482703459,-0.262942482703459
2009-07-09,-2.42763756204693e-05,-0.262942482703459,-0.262966759079079
2009-07-09 00:10:00,-2.42763756204693e-05,-0.262942482703459,-0.262966759079079
2009-07-09 00:20:00,-4.85564866426343e-05,-0.262942482703459,-0.262991039190101
2009-07-09 00:30:00,-2.4280111022165e-05,-0.262942482703459,-0.262966762814481
2009-07-09 00:40:00,-2.4280111022165e-05,-0.262168424922014,-0.262192705033036
2009-07-09 00:50:00,-2.4280111022165e-05,-0.261865537675837,-0.261889817786859
2009-07-09 01:00:00,-2.4280111022165e-05,-0.261343842988006,-0.261368123099029
2009-07-09 01:10:00,-2.4280111022165e-05,-0.261343842988006,-0.261368123099029
2009-07-09 01:20:00,-2.4280111022165e-05,-0.261343842988006,-0.261368123099029
2009-07-09 01:30:00,-4.856022204433e-05,-0.261343842988006,-0.261392403210051
2009-07-09 01:40:00,0,-0.261343842988006,-0.261343842988006
2009-07-09 01:50:00,0,-0.261343842988006,-0.261343842988006
2009-07-09 02:00:00,0,-0.261081820945917,-0.261081820945917
2009-07-09 02:10:00,-4.856022204433e-05,-0.261343842988006,-0.261392403210051
2009-07-09 02:20:00,-2.4280111022165e-05,-0.261081820945917,-0.261106101056939
2009-07-09 02:30:00,0,-0.261081820945917,-0.261081820945917
2009-07-09 02:40:00,-2.4280111022165e-05,-0.261081820945917,-0.261106101056939
2009-07-09 02:50:00,-2.42838464238607e-05,-0.261081820945917,-0.261106104792341
2009-07-09 03:00:00,-2.4280111022165e-05,-0.261081820945917,-0.261106101056939
2009-07-09 03:10:00,-2.4280111022165e-05,-0.261081820945917,-0.261106101056939
2009-07-09 03:20:00,-2.42838464238607e-05,-0.261081820945917,-0.261106104792341
2009-07-09 03:30:00,0,-0.260775130486954,-0.260775130486954
2009-07-09 03:40:00,0,-0.260775130486954,-0.260775130486954
2009-07-09 03:50:00,-2.4280111022165e-05,-0.260775130486954,-0.260799410597976
2009-07-09 04:00:00,9.71279148920514e-05,-0.260775130486954,-0.260678002572062
2009-07-09 04:10:00,0.000437079352415927,-0.26051139199653,-0.260074312644114
2009-07-09 04:20:00,0.00208827631799098,-0.26051139199653,-0.258423115678539
2009-07-09 04:30:00,0.00519631729891288,-0.26051139199653,-0.255315074697617
2009-07-09 04:40:00,0.0110971313576381,-0.26051139199653,-0.249414260638892
2009-07-09 04:50:00,0.0186008062839958,-0.26051139199653,-0.241910585712534
2009-07-09 05:00:00,0.0379292688183174,-0.260246853691416,-0.222317584873099
2009-07-09 05:10:00,0.0626538926422728,-0.26051139199653,-0.197857499354257
2009-07-09 05:20:00,0.0833181348229831,-0.26051139199653,-0.177193257173547
2009-07-09 05:30:00,0.0964293947749522,-0.26051139199653,-0.164081997221578
2009-07-09 05:40:00,0.104150470080001,-0.260246853691416,-0.156096383611415
2009-07-09 05:50:00,0.11317893597855,-0.26051139199653,-0.14733245601798
2009-07-09 06:00:00,0.132479756540324,-0.26051139199653,-0.128031635456206
2009-07-09 06:10:00,0.137993209443203,-0.260246853691416,-0.122253644248213
2009-07-09 06:20:00,0.214763185093593,-0.26051139199653,-0.045748206902937
2009-07-09 06:30:00,0.164454795055667,-0.260246853691416,-0.095792058635749
2009-07-09 06:40:00,0.183837794454746,-0.260246853691416,-0.0764090592366699
2009-07-09 06:50:00,0.237011237593287,-0.260246853691416,-0.0232356160981285
2009-07-09 07:00:00,0.305003019258741,-0.260246853691416,0.0447561655673249
2009-07-09 07:10:00,0.345674072921715,-0.26051139199653,0.0851626809251853
2009-07-09 07:20:00,0.357877630261625,-0.26051139199653,0.0973662382650949
2009-07-09 07:30:00,0.358811480685554,-0.260246853691416,0.0985646269941382
2009-07-09 07:40:00,0.277417077735866,-0.260246853691416,0.0171702240444497
2009-07-09 07:50:00,0.25118335162684,-0.260246853691416,-0.00906350206457557
2009-07-09 08:00:00,0.32118477940459,-0.259981510705808,0.0612032686987818
2009-07-09 08:10:00,0.396139349830861,-0.260246853691416,0.135892496139445
2009-07-09 08:20:00,0.451423294927483,-0.260246853691416,0.191176441236067
2009-07-09 08:30:00,0.506595177973233,-0.260246853691416,0.246348324281817
2009-07-09 08:40:00,0.530613810876698,-0.260246853691416,0.270366957185282
2009-07-09 08:50:00,0.55466979779712,-0.260246853691416,0.294422944105704
2009-07-09 09:00:00,0.535731311199831,-0.260246853691416,0.275484457508415
2009-07-09 09:10:00,0.369565702167525,-0.260246853691416,0.109318848476109
2009-07-09 09:20:00,0.354538181145653,-0.260246853691416,0.0942913274542372
2009-07-09 09:30:00,0.473798351084832,-0.259981510705808,0.213816840379024
2009-07-09 09:40:00,0.420531522903898,-0.260246853691416,0.160284669212482
2009-07-09 09:50:00,0.488852019918574,-0.260246853691416,0.228605166227158
2009-07-09 10:00:00,0.62889222949103,-0.260246853691416,0.368645375799614
2009-07-09 10:10:00,0.587840164855093,-0.260246853691416,0.327593311163677
2009-07-09 10:20:00,0.641629949273428,-0.260246853691416,0.381383095582012
2009-07-09 10:30:00,0.728590100749736,-0.26051139199653,0.468078708753206
2009-07-09 10:40:00,0.265213520395956,-0.26051139199653,0.00470212839942613
2009-07-09 10:50:00,0.697773036760065,-0.260246853691416,0.437526183068649
2009-07-09 11:00:00,0.704534113829314,-0.26051139199653,0.444022721832784
2009-07-09 11:10:00,0.636363032882466,-0.260775130486954,0.375587902395512
2009-07-09 11:20:00,0.729822783309322,-0.260775130486954,0.469047652822369
2009-07-09 11:30:00,0.605284490774095,-0.260775130486954,0.344509360287141
2009-07-09 11:40:00,0.714881176526452,-0.260775130486954,0.454106046039498
2009-07-09 11:50:00,0.708605701677646,-0.261081820945917,0.447523880731729
2009-07-09 12:00:00,0.714395574306008,-0.261081820945917,0.453313753360091
2009-07-09 12:10:00,0.707186249033273,-0.261081820945917,0.446104428087356
2009-07-09 12:20:00,0.703824387507127,-0.261081820945917,0.44274256656121
2009-07-09 12:30:00,0.707410373135016,-0.261343842988006,0.44606653014701
2009-07-09 12:40:00,0.701881978625354,-0.261343842988006,0.440538135637348
2009-07-09 12:50:00,0.697250080522664,-0.261343842988006,0.435906237534658
2009-07-09 13:00:00,0.686380061588126,-0.261605080336007,0.424774981252118
2009-07-09 13:10:00,0.685670335265939,-0.261605080336007,0.424065254929932
2009-07-09 13:20:00,0.684923254926796,-0.261605080336007,0.423318174590789
2009-07-09 13:30:00,0.679394860417134,-0.261605080336007,0.417789780081126
2009-07-09 13:40:00,0.589035493397723,-0.261605080336007,0.327430413061716
2009-07-09 13:50:00,0.625418305914013,-0.261605080336007,0.363813225578006
2009-07-09 14:00:00,0.538346092386834,-0.261605080336007,0.276741012050826
2009-07-09 14:10:00,0.637707777492924,-0.261865537675837,0.375842239817088
2009-07-09 14:20:00,0.652089074021437,-0.261865537675837,0.390223536345601
2009-07-09 14:30:00,0.5803320074467,-0.261865537675837,0.318466469770864
2009-07-09 14:40:00,0.42803968031229,-0.261865537675837,0.166174142636454
2009-07-09 14:50:00,0.421652143412613,-0.262168424922014,0.159483718490599
2009-07-09 15:00:00,0.494044228275622,-0.262168424922014,0.231875803353608
2009-07-09 15:10:00,0.527476073452295,-0.262168424922014,0.265307648530281
2009-07-09 15:20:00,0.532668281809343,-0.262427208120731,0.270241073688612
2009-07-09 15:30:00,0.498862896463098,-0.262427208120731,0.236435688342367
2009-07-09 15:40:00,0.475292511763119,-0.262427208120731,0.212865303642388
2009-07-09 15:50:00,0.453851306029699,-0.262427208120731,0.191424097908969
2009-07-09 16:00:00,0.444363385722576,-0.262427208120731,0.181936177601846
2009-07-09 16:10:00,0.137933443016071,-0.262427208120731,-0.124493765104659
2009-07-09 16:20:00,0.206231527620574,-0.262427208120731,-0.0561956805001568
2009-07-09 16:30:00,0.374137833843084,-0.262685225876283,0.111452607966801
2009-07-09 16:40:00,0.321207191814764,-0.262685225876283,0.0585219659384817
2009-07-09 16:50:00,0.327475195860179,-0.262685225876283,0.064789969983896
2009-07-09 17:00:00,0.298036495096227,-0.262942482703459,0.0350940123927688
2009-07-09 17:10:00,0.274481052003032,-0.263241659907455,0.0112393920955768
2009-07-09 17:20:00,0.257757658611304,-0.262942482703459,-0.00518482409215509
2009-07-09 17:30:00,0.227945417677781,-0.262942482703459,-0.034997065025678
2009-07-09 17:40:00,0.200886167794002,-0.262942482703459,-0.0620563149094569
2009-07-09 17:50:00,0.158168114001774,-0.262942482703459,-0.104774368701684
2009-07-09 18:00:00,0.128800385870042,-0.262942482703459,-0.134142096833417
2009-07-09 18:10:00,0.124437436689443,-0.262685225876283,-0.138247789186839
2009-07-09 18:20:00,0.120679622583551,-0.262685225876283,-0.142005603292731
2009-07-09 18:30:00,0.101375066620082,-0.262685225876283,-0.1613101592562
2009-07-09 18:40:00,0.0780437476286297,-0.262427208120731,-0.184383460492101
2009-07-09 18:50:00,0.0439918257704672,-0.262427208120731,-0.218435382350263
2009-07-09 19:00:00,0.0369845857294704,-0.262427208120731,-0.22544262239126
2009-07-09 19:10:00,0.0375893472640071,-0.262427208120731,-0.224837860856723
2009-07-09 19:20:00,0.0261444500084977,-0.262427208120731,-0.236282758112233
2009-07-09 19:30:00,0.0167588797078374,-0.262427208120731,-0.245668328412893
2009-07-09 19:40:00,0.0111808043556222,-0.262427208120731,-0.251246403765108
2009-07-09 19:50:00,0.00686380061588126,-0.262427208120731,-0.255563407504849
2009-07-09 20:00:00,0.00286195271720802,-0.262168424922014,-0.259306472204806
2009-07-09 20:10:00,0.00116421264650433,-0.262168424922014,-0.261004212275509
2009-07-09 20:20:00,0.000242543367504645,-0.262168424922014,-0.261925881554509
2009-07-09 20:30:00,4.85153972239814e-05,-0.262168424922014,-0.26211990952479
2009-07-09 20:40:00,0,-0.262168424922014,-0.262168424922014
2009-07-09 20:50:00,-2.42614340136864e-05,-0.262168424922014,-0.262192686356027
2009-07-09 21:00:00,-2.42614340136864e-05,-0.262168424922014,-0.262192686356027
2009-07-09 21:10:00,-2.42614340136864e-05,-0.262168424922014,-0.262192686356027
2009-07-09 21:20:00,-2.42651694153821e-05,-0.262168424922014,-0.262192690091429
2009-07-09 21:30:00,0,-0.262168424922014,-0.262168424922014
2009-07-09 21:40:00,-4.85266034290685e-05,-0.262168424922014,-0.262216951525443
2009-07-09 21:50:00,-2.42651694153821e-05,-0.262168424922014,-0.262192690091429
2009-07-09 22:00:00,-2.42651694153821e-05,-0.262168424922014,-0.262192690091429
2009-07-09 22:10:00,-2.42651694153821e-05,-0.262168424922014,-0.262192690091429
2009-07-09 22:20:00,-2.42651694153821e-05,-0.262168424922014,-0.262192690091429
2009-07-09 22:30:00,-4.85266034290685e-05,-0.262168424922014,-0.262216951525443
2009-07-09 22:40:00,-2.42651694153821e-05,-0.262168424922014,-0.262192690091429
2009-07-09 22:50:00,-2.42651694153821e-05,-0.262168424922014,-0.262192690091429
2009-07-09 23:00:00,-2.42651694153821e-05,-0.262168424922014,-0.262192690091429
2009-07-09 23:10:00,-2.42651694153821e-05,-0.261865537675837,-0.261889802845252
2009-07-09 23:20:00,-2.42651694153821e-05,-0.261865537675837,-0.261889802845252
2009-07-09 23:30:00,-2.42651694153821e-05,-0.261865537675837,-0.261889802845252
2009-07-09 23:40:00,-2.42651694153821e-05,-0.261865537675837,-0.261889802845252
2009-07-09 23:50:00,-2.42651694153821e-05,-0.261865537675837,-0.261889802845252
2009-07-10,0,-0.261865537675837,-0.261865537675837
2009-07-10 00:10:00,0,-0.261605080336007,-0.261605080336007
2009-07-10 00:20:00,0,-0.261605080336007,-0.261605080336007
2009-07-10 00:30:00,-2.42651694153821e-05,-0.261605080336007,-0.261629345505423
2009-07-10 00:40:00,-2.42651694153821e-05,-0.261605080336007,-0.261629345505423
2009-07-10 00:50:00,-4.85303388307642e-05,-0.261343842988006,-0.261392373326837
2009-07-10 01:00:00,-2.42651694153821e-05,-0.261343842988006,-0.261368108157422
2009-07-10 01:10:00,-2.42651694153821e-05,-0.261343842988006,-0.261368108157422
2009-07-10 01:20:00,-4.85303388307642e-05,-0.261343842988006,-0.261392373326837
2009-07-10 01:30:00,-2.42651694153821e-05,-0.261343842988006,-0.261368108157422
2009-07-10 01:40:00,-2.42651694153821e-05,-0.261343842988006,-0.261368108157422
2009-07-10 01:50:00,-2.42651694153821e-05,-0.261343842988006,-0.261368108157422
2009-07-10 02:00:00,0,-0.261081820945917,-0.261081820945917
2009-07-10 02:10:00,0,-0.261343842988006,-0.261343842988006
2009-07-10 02:20:00,-2.42651694153821e-05,-0.261081820945917,-0.261106086115333
2009-07-10 02:30:00,0,-0.261081820945917,-0.261081820945917
2009-07-10 02:40:00,-2.42651694153821e-05,-0.261081820945917,-0.261106086115333
2009-07-10 02:50:00,-2.42651694153821e-05,-0.261081820945917,-0.261106086115333
2009-07-10 03:00:00,-4.85303388307642e-05,-0.261081820945917,-0.261130351284748
2009-07-10 03:10:00,-2.42651694153821e-05,-0.260775130486954,-0.260799395656369
2009-07-10 03:20:00,-2.42651694153821e-05,-0.261081820945917,-0.261106086115333
2009-07-10 03:30:00,-2.42689048170778e-05,-0.260775130486954,-0.260799399391771
2009-07-10 03:40:00,-4.85378096341557e-05,-0.261081820945917,-0.261130358755551
2009-07-10 03:50:00,-2.42689048170778e-05,-0.260775130486954,-0.260799399391771
2009-07-10 04:00:00,0,-0.261081820945917,-0.261081820945917
2009-07-10 04:10:00,2.42689048170778e-05,-0.260775130486954,-0.260750861582137
2009-07-10 04:20:00,0.000218431349558788,-0.260775130486954,-0.260556699137395
2009-07-10 04:30:00,0.000364055984666342,-0.261081820945917,-0.260717764961251
2009-07-10 04:40:00,0.00084946769962316,-0.260775130486954,-0.25992566278733
2009-07-10 04:50:00,0.00167465528822416,-0.261081820945917,-0.259407165657693
2009-07-10 05:00:00,0.00235419956470912,-0.261081820945917,-0.258727621381208
2009-07-10 05:10:00,0.00344635631250306,-0.260775130486954,-0.257328774174451
2009-07-10 05:20:00,0.00293673545915629,-0.261081820945917,-0.258145085486761
2009-07-10 05:30:00,0.00230575140471566,-0.261081820945917,-0.258776069541202
2009-07-10 05:40:00,0.0140772348304817,-0.261081820945917,-0.247004586115436
2009-07-10 05:50:00,0.0183721997002179,-0.261081820945917,-0.242709621245699
2009-07-10 06:00:00,0.0500207641073556,-0.261081820945917,-0.211061056838562
2009-07-10 06:10:00,0.0482987439256297,-0.261081820945917,-0.212783077020287
2009-07-10 06:20:00,0.0424715172803102,-0.261081820945917,-0.218610303665607
2009-07-10 06:30:00,0.0353357794209806,-0.261081820945917,-0.225746041524937
2009-07-10 06:40:00,0.043610814797504,-0.261081820945917,-0.217471006148413
2009-07-10 06:50:00,0.0324737146417217,-0.261343842988006,-0.228870128346285
2009-07-10 07:00:00,0.0377387633318358,-0.261343842988006,-0.223605079656171
2009-07-10 07:10:00,0.0655525643581498,-0.261343842988006,-0.195791278629857
2009-07-10 07:20:00,0.0731951962275882,-0.261343842988006,-0.188148646760418
2009-07-10 07:30:00,0.103989847807085,-0.261343842988006,-0.157353995180922
2009-07-10 07:40:00,0.141302775345609,-0.261343842988006,-0.120041067642398
2009-07-10 07:50:00,0.194905789679158,-0.261343842988006,-0.0664380533088487
2009-07-10 08:00:00,0.190654902549431,-0.261343842988006,-0.0706889404385755
2009-07-10 08:10:00,0.116933014682747,-0.261605080336007,-0.144672065653261
2009-07-10 08:20:00,0.176990803146496,-0.261605080336007,-0.0846142771895116
2009-07-10 08:30:00,0.208939693849969,-0.261605080336007,-0.0526653864860382
2009-07-10 08:40:00,0.250421329680914,-0.261605080336007,-0.0111837506550932
2009-07-10 08:50:00,0.230111950661297,-0.261605080336007,-0.0314931296747103
2009-07-10 09:00:00,0.689779277131229,-0.261865537675837,0.427913739455392
2009-07-10 09:10:00,0.691945810114745,-0.261865537675837,0.430080272438909
2009-07-10 09:20:00,0.309313672815599,-0.262168424922014,0.0471452478935853
2009-07-10 09:30:00,0.384186064404564,-0.262168424922014,0.122017639482551
2009-07-10 09:40:00,0.527625489520124,-0.262168424922014,0.26545706459811
2009-07-10 09:50:00,0.261948779313899,-0.262427208120731,-0.000478428806831743
2009-07-10 10:00:00,0.760639847298993,-0.262427208120731,0.498212639178263
2009-07-10 10:10:00,0.491055906919048,-0.262427208120731,0.228628698798317
2009-07-10 10:20:00,0.653956774869296,-0.262685225876283,0.391271548993014
2009-07-10 10:30:00,0.656833034174999,-0.262685225876283,0.394147808298716
2009-07-10 10:40:00,0.673455571720943,-0.262685225876283,0.41077034584466
2009-07-10 10:50:00,0.74162665266779,-0.262942482703459,0.478684169964332
2009-07-10 11:00:00,0.720895173256557,-0.262942482703459,0.457952690553099
2009-07-10 11:10:00,0.76015424507855,-0.263241659907455,0.496912585171095
2009-07-10 11:20:00,0.673156739585285,-0.263241659907455,0.40991507967783
2009-07-10 11:30:00,0.775954994251436,-0.263497283355605,0.512457710895831
2009-07-10 11:40:00,0.714731760458623,-0.263497283355605,0.451234477103018
2009-07-10 11:50:00,0.21123323049114,-0.263752159911681,-0.0525189294205417
2009-07-10 12:00:00,0.726498275800134,-0.263752159911681,0.462746115888452
2009-07-10 12:10:00,0.607787209910226,-0.263752159911681,0.344035049998544
2009-07-10 12:20:00,0.382206301505834,-0.264006293927577,0.118200007578258
2009-07-10 12:30:00,0.319320813958427,-0.264006293927577,0.0553145200308502
2009-07-10 12:40:00,0.809536255495938,-0.264006293927577,0.545529961568361
2009-07-10 12:50:00,0.412873949427676,-0.264006293927577,0.1488676555001
2009-07-10 13:00:00,0.696876540353092,-0.264006293927577,0.432870246425516
2009-07-10 13:10:00,0.696615062234392,-0.264006293927577,0.432608768306816
2009-07-10 13:20:00,0.413471613698991,-0.263497283355605,0.149974330343386
2009-07-10 13:30:00,0.544322735099982,-0.263752159911681,0.280570575188301
2009-07-10 13:40:00,0.666769202685608,-0.263752159911681,0.403017042773926
2009-07-10 13:50:00,0.647494529935705,-0.264301850877702,0.383192679058003
2009-07-10 14:00:00,0.637408945357267,-0.264301850877702,0.373107094479565
2009-07-10 14:10:00,0.627995733084058,-0.264301850877702,0.363693882206357
2009-07-10 14:20:00,0.622467338574396,-0.264301850877702,0.358165487696695
2009-07-10 14:30:00,0.60031640651879,-0.264301850877702,0.336014555641089
2009-07-10 14:40:00,0.593256497313884,-0.264301850877702,0.328954646436182
2009-07-10 14:50:00,0.57028377688522,-0.264554390805859,0.305729386079361
2009-07-10 15:00:00,0.586047172041149,-0.264806201726715,0.321240970314433
2009-07-10 15:10:00,0.588437829126408,-0.264806201726715,0.323631627399693
2009-07-10 15:20:00,0.540960873573836,-0.26505728783701,0.275903585736826
2009-07-10 15:30:00,0.504465999006674,-0.26505728783701,0.239408711169664
2009-07-10 15:40:00,0.49101855290209,-0.265349311101034,0.225669241801057
2009-07-10 15:50:00,0.436070793958083,-0.265640360024425,0.170430433933659
2009-07-10 16:00:00,0.522732113298734,-0.265889059948432,0.256843053350302
2009-07-10 16:10:00,0.439992965738587,-0.265640360024425,0.174352605714162
2009-07-10 16:20:00,0.398492652899163,-0.265889059948432,0.132603592950731
2009-07-10 16:30:00,0.386688783540695,-0.265640360024425,0.121048423516271
2009-07-10 16:40:00,0.135722085212207,-0.265889059948432,-0.130166974736226
2009-07-10 16:50:00,0.133592906245647,-0.265889059948432,-0.132296153702785
2009-07-10 17:00:00,0.103997318610476,-0.265640360024425,-0.161643041413948
2009-07-10 17:10:00,0.150473186508596,-0.265640360024425,-0.115167173515829
2009-07-10 17:20:00,0.099369155909482,-0.265349311101034,-0.165980155191552
2009-07-10 17:30:00,0.215207697895383,-0.265640360024425,-0.0504326621290412
2009-07-10 17:40:00,0.0821190708786577,-0.265349311101034,-0.183230240222376
2009-07-10 17:50:00,0.139584490565579,-0.265349311101034,-0.125764820535455
2009-07-10 18:00:00,0.0637259529289438,-0.265349311101034,-0.20162335817209
2009-07-10 18:10:00,0.0323254191944018,-0.265349311101034,-0.233023891906632
2009-07-10 18:20:00,0.0206380943688402,-0.265640360024425,-0.245002265655584
2009-07-10 18:30:00,0.0172190811967498,-0.265640360024425,-0.248421278827675
2009-07-10 18:40:00,0.0119077135256089,-0.265640360024425,-0.253732646498816
2009-07-10 18:50:00,0.00778495067404524,-0.265349311101034,-0.257564360426988
2009-07-10 19:00:00,0.00851298046454062,-0.265349311101034,-0.256836330636493
2009-07-10 19:10:00,0.00623326480964411,-0.265349311101034,-0.259116046291389
2009-07-10 19:20:00,0.00921635660384426,-0.26505728783701,-0.255840931233166
2009-07-10 19:30:00,0.00562700911442913,-0.264806201726715,-0.259179192612286
2009-07-10 19:40:00,0.00380824202878419,-0.264806201726715,-0.260997959697931
2009-07-10 19:50:00,0.00172239372189543,-0.264554390805859,-0.262831997083964
2009-07-10 20:00:00,0.00041242570122419,-0.264301850877702,-0.263889425176477
2009-07-10 20:10:00,0.00014557607488551,-0.264301850877702,-0.264156274802816
2009-07-10 20:20:00,0,-0.264006293927577,-0.264006293927577
2009-07-10 20:30:00,0,-0.264301850877702,-0.264301850877702
2009-07-10 20:40:00,-2.42651694153821e-05,-0.264301850877702,-0.264326116047117
2009-07-10 20:50:00,-4.85266034290685e-05,-0.264301850877702,-0.264350377481131
2009-07-10 21:00:00,-2.42651694153821e-05,-0.264301850877702,-0.264326116047117
2009-07-10 21:10:00,-4.85266034290685e-05,-0.264554390805859,-0.264602917409288
2009-07-10 21:20:00,-4.85303388307642e-05,-0.264301850877702,-0.264350381216532
2009-07-10 21:30:00,-4.85303388307642e-05,-0.264301850877702,-0.264350381216532
2009-07-10 21:40:00,-2.42651694153821e-05,-0.264301850877702,-0.264326116047117
2009-07-10 21:50:00,-2.42651694153821e-05,-0.264301850877702,-0.264326116047117
2009-07-10 22:00:00,0,-0.264301850877702,-0.264301850877702
2009-07-10 22:10:00,-2.42651694153821e-05,-0.264301850877702,-0.264326116047117
2009-07-10 22:20:00,-2.42651694153821e-05,-0.264301850877702,-0.264326116047117
2009-07-10 22:30:00,0,-0.264301850877702,-0.264301850877702
2009-07-10 22:40:00,-2.42689048170778e-05,-0.264301850877702,-0.264326119782519
2009-07-10 22:50:00,-2.42689048170778e-05,-0.264301850877702,-0.264326119782519
2009-07-10 23:00:00,0,-0.264301850877702,-0.264301850877702
2009-07-10 23:10:00,0,-0.264006293927577,-0.264006293927577
2009-07-10 23:20:00,0,-0.264301850877702,-0.264301850877702
2009-07-10 23:30:00,-2.42689048170778e-05,-0.264006293927577,-0.264030562832394
2009-07-10 23:40:00,0,-0.264006293927577,-0.264006293927577
2009-07-10 23:50:00,-2.42689048170778e-05,-0.264006293927577,-0.264030562832394
